Case_1,PASS,FAILING_POINTS,0,LARGEST_ERROR,6.41259e-012,SUPPORTED,TRUE,EXCEPTION_MSG,NONE,Time,4
Case_2,PASS,FAILING_POINTS,0,LARGEST_ERROR,1.05428e-011,SUPPORTED,TRUE,EXCEPTION_MSG,NONE,Time,0
Case_3,PASS,FAILING_POINTS,0,LARGEST_ERROR,2.34635e-011,SUPPORTED,TRUE,EXCEPTION_MSG,NONE,Time,0
Case_4,PASS,FAILING_POINTS,0,LARGEST_ERROR,2.04695e-011,SUPPORTED,TRUE,EXCEPTION_MSG,NONE,Time,0
Case_5,PASS,FAILING_POINTS,0,LARGEST_ERROR,6.45317e-012,SUPPORTED,TRUE,EXCEPTION_MSG,NONE,Time,0
Case_6,PASS,FAILING_POINTS,0,LARGEST_ERROR,8.88178e-016,SUPPORTED,TRUE,EXCEPTION_MSG,NONE,Time,0
Case_7,PASS,FAILING_POINTS,0,LARGEST_ERROR,1.14867e-011,SUPPORTED,TRUE,EXCEPTION_MSG,NONE,Time,0
Case_8,PASS,FAILING_POINTS,0,LARGEST_ERROR,1.16114e-011,SUPPORTED,TRUE,EXCEPTION_MSG,NONE,Time,0
Case_9,PASS,FAILING_POINTS,0,LARGEST_ERROR,8.88178e-016,SUPPORTED,TRUE,EXCEPTION_MSG,NONE,Time,0
Case_10,PASS,FAILING_POINTS,0,LARGEST_ERROR,1.29001e-011,SUPPORTED,TRUE,EXCEPTION_MSG,NONE,Time,0
Case_11,PASS,FAILING_POINTS,0,LARGEST_ERROR,8.4413e-012,SUPPORTED,TRUE,EXCEPTION_MSG,NONE,Time,0
Case_12,PASS,FAILING_POINTS,0,LARGEST_ERROR,1.47752e-011,SUPPORTED,TRUE,EXCEPTION_MSG,NONE,Time,0
Case_13,PASS,FAILING_POINTS,0,LARGEST_ERROR,8.88178e-016,SUPPORTED,TRUE,EXCEPTION_MSG,NONE,Time,0
Case_14,PASS,FAILING_POINTS,0,LARGEST_ERROR,8.31034e-012,SUPPORTED,TRUE,EXCEPTION_MSG,NONE,Time,1
Case_15,PASS,FAILING_POINTS,0,LARGEST_ERROR,9.60869e-012,SUPPORTED,TRUE,EXCEPTION_MSG,NONE,Time,1
Case_16,PASS,FAILING_POINTS,0,LARGEST_ERROR,3.05798e-011,SUPPORTED,TRUE,EXCEPTION_MSG,NONE,Time,0
Case_17,PASS,FAILING_POINTS,0,LARGEST_ERROR,3.74282e-010,SUPPORTED,TRUE,EXCEPTION_MSG,NONE,Time,0
Case_18,PASS,FAILING_POINTS,0,LARGEST_ERROR,6.32085e-012,SUPPORTED,TRUE,EXCEPTION_MSG,NONE,Time,0
Case_19,PASS,FAILING_POINTS,0,LARGEST_ERROR,7.80056e-012,SUPPORTED,TRUE,EXCEPTION_MSG,NONE,Time,0
Case_20,PASS,FAILING_POINTS,0,LARGEST_ERROR,2.62663e-011,SUPPORTED,TRUE,EXCEPTION_MSG,NONE,Time,0
Case_21,FAIL,FAILING_POINTS,101,LARGEST_ERROR,0.000429036,SUPPORTED,TRUE,EXCEPTION_MSG,NONE,Time,0
Case_22,FAIL,FAILING_POINTS,61,LARGEST_ERROR,0.0035,SUPPORTED,TRUE,EXCEPTION_MSG,NONE,Time,0
Case_23,PASS,FAILING_POINTS,0,LARGEST_ERROR,1.91464e-008,SUPPORTED,TRUE,EXCEPTION_MSG,NONE,Time,0
Case_24,PASS,FAILING_POINTS,0,LARGEST_ERROR,7.47289e-012,SUPPORTED,TRUE,EXCEPTION_MSG,NONE,Time,0
Case_25,PASS,FAILING_POINTS,0,LARGEST_ERROR,9.8129e-012,SUPPORTED,TRUE,EXCEPTION_MSG,NONE,Time,0
Case_26,PASS,FAILING_POINTS,0,LARGEST_ERROR,2.98013e-008,SUPPORTED,TRUE,EXCEPTION_MSG,NONE,Time,0
Case_27,FAIL,FAILING_POINTS,86,LARGEST_ERROR,0.0130899,SUPPORTED,TRUE,EXCEPTION_MSG,NONE,Time,1
Case_28,PASS,FAILING_POINTS,0,LARGEST_ERROR,5.77094e-013,SUPPORTED,TRUE,EXCEPTION_MSG,NONE,Time,0
Case_29,PASS,FAILING_POINTS,0,LARGEST_ERROR,2.22045e-016,SUPPORTED,TRUE,EXCEPTION_MSG,NONE,Time,0
Case_30,PASS,FAILING_POINTS,0,LARGEST_ERROR,2.22045e-016,SUPPORTED,TRUE,EXCEPTION_MSG,NONE,Time,7
Case_31,PASS,FAILING_POINTS,0,LARGEST_ERROR,3.55271e-014,SUPPORTED,TRUE,EXCEPTION_MSG,NONE,Time,0
Case_32,PASS,FAILING_POINTS,0,LARGEST_ERROR,1.05261e-011,SUPPORTED,TRUE,EXCEPTION_MSG,NONE,Time,0
Case_33,PASS,FAILING_POINTS,0,LARGEST_ERROR,6.73688e-010,SUPPORTED,TRUE,EXCEPTION_MSG,NONE,Time,0
Case_34,PASS,FAILING_POINTS,0,LARGEST_ERROR,1.23226e-011,SUPPORTED,TRUE,EXCEPTION_MSG,NONE,Time,0
Case_35,PASS,FAILING_POINTS,0,LARGEST_ERROR,9.60868e-012,SUPPORTED,TRUE,EXCEPTION_MSG,NONE,Time,0
Case_36,PASS,FAILING_POINTS,0,LARGEST_ERROR,7.98258e-012,SUPPORTED,TRUE,EXCEPTION_MSG,NONE,Time,0
Case_37,PASS,FAILING_POINTS,0,LARGEST_ERROR,1.13922e-011,SUPPORTED,TRUE,EXCEPTION_MSG,NONE,Time,0
Case_38,PASS,FAILING_POINTS,0,LARGEST_ERROR,2.44748e-008,SUPPORTED,TRUE,EXCEPTION_MSG,NONE,Time,0
Case_39,FAIL,FAILING_POINTS,0,LARGEST_ERROR,1,SUPPORTED,FALSE,EXCEPTION_MSG,NOT_SUPPORTED,Time,0
Case_40,FAIL,FAILING_POINTS,0,LARGEST_ERROR,1,SUPPORTED,FALSE,EXCEPTION_MSG,NOT_SUPPORTED,Time,0
Case_41,PASS,FAILING_POINTS,0,LARGEST_ERROR,1.92358e-007,SUPPORTED,TRUE,EXCEPTION_MSG,NONE,Time,0
Case_42,PASS,FAILING_POINTS,0,LARGEST_ERROR,6.41259e-012,SUPPORTED,TRUE,EXCEPTION_MSG,NONE,Time,0
Case_43,PASS,FAILING_POINTS,0,LARGEST_ERROR,3.48887e-011,SUPPORTED,TRUE,EXCEPTION_MSG,NONE,Time,0
Case_44,PASS,FAILING_POINTS,0,LARGEST_ERROR,4.16352e-011,SUPPORTED,TRUE,EXCEPTION_MSG,NONE,Time,0
Case_45,PASS,FAILING_POINTS,0,LARGEST_ERROR,1.34105e-011,SUPPORTED,TRUE,EXCEPTION_MSG,NONE,Time,0
Case_46,PASS,FAILING_POINTS,0,LARGEST_ERROR,1.23226e-011,SUPPORTED,TRUE,EXCEPTION_MSG,NONE,Time,0
Case_47,PASS,FAILING_POINTS,0,LARGEST_ERROR,9.60869e-012,SUPPORTED,TRUE,EXCEPTION_MSG,NONE,Time,0
Case_48,PASS,FAILING_POINTS,0,LARGEST_ERROR,1.05261e-011,SUPPORTED,TRUE,EXCEPTION_MSG,NONE,Time,0
Case_49,PASS,FAILING_POINTS,0,LARGEST_ERROR,7.92339e-010,SUPPORTED,TRUE,EXCEPTION_MSG,NONE,Time,0
Case_50,PASS,FAILING_POINTS,0,LARGEST_ERROR,5.99114e-012,SUPPORTED,TRUE,EXCEPTION_MSG,NONE,Time,0
Case_51,FAIL,FAILING_POINTS,100,LARGEST_ERROR,1.22761,SUPPORTED,TRUE,EXCEPTION_MSG,NONE,Time,0
Case_52,FAIL,FAILING_POINTS,150,LARGEST_ERROR,1.11342,SUPPORTED,TRUE,EXCEPTION_MSG,NONE,Time,0
Case_53,FAIL,FAILING_POINTS,200,LARGEST_ERROR,0.497883,SUPPORTED,TRUE,EXCEPTION_MSG,NONE,Time,0
Case_54,PASS,FAILING_POINTS,0,LARGEST_ERROR,4.07891e-009,SUPPORTED,TRUE,EXCEPTION_MSG,NONE,Time,0
Case_55,PASS,FAILING_POINTS,0,LARGEST_ERROR,7.80858e-009,SUPPORTED,TRUE,EXCEPTION_MSG,NONE,Time,1
Case_56,PASS,FAILING_POINTS,0,LARGEST_ERROR,2.03947e-008,SUPPORTED,TRUE,EXCEPTION_MSG,NONE,Time,0
Case_57,PASS,FAILING_POINTS,0,LARGEST_ERROR,1.383e-011,SUPPORTED,TRUE,EXCEPTION_MSG,NONE,Time,0
Case_58,PASS,FAILING_POINTS,0,LARGEST_ERROR,1.383e-011,SUPPORTED,TRUE,EXCEPTION_MSG,NONE,Time,0
Case_59,PASS,FAILING_POINTS,0,LARGEST_ERROR,1.34509e-011,SUPPORTED,TRUE,EXCEPTION_MSG,NONE,Time,0
Case_60,PASS,FAILING_POINTS,0,LARGEST_ERROR,3.9134e-011,SUPPORTED,TRUE,EXCEPTION_MSG,NONE,Time,0
Case_61,PASS,FAILING_POINTS,0,LARGEST_ERROR,7.06742e-012,SUPPORTED,TRUE,EXCEPTION_MSG,NONE,Time,0
Case_62,PASS,FAILING_POINTS,0,LARGEST_ERROR,6.57937e-012,SUPPORTED,TRUE,EXCEPTION_MSG,NONE,Time,0
Case_63,PASS,FAILING_POINTS,0,LARGEST_ERROR,4.87143e-006,SUPPORTED,TRUE,EXCEPTION_MSG,NONE,Time,0
Case_64,PASS,FAILING_POINTS,0,LARGEST_ERROR,4.41286e-009,SUPPORTED,TRUE,EXCEPTION_MSG,NONE,Time,0
Case_65,PASS,FAILING_POINTS,0,LARGEST_ERROR,5.93421e-012,SUPPORTED,TRUE,EXCEPTION_MSG,NONE,Time,0
Case_66,PASS,FAILING_POINTS,0,LARGEST_ERROR,3.21431e-012,SUPPORTED,TRUE,EXCEPTION_MSG,NONE,Time,0
Case_67,PASS,FAILING_POINTS,0,LARGEST_ERROR,2.59603e-009,SUPPORTED,TRUE,EXCEPTION_MSG,NONE,Time,0
Case_68,PASS,FAILING_POINTS,0,LARGEST_ERROR,4.99801e-006,SUPPORTED,TRUE,EXCEPTION_MSG,NONE,Time,0
Case_69,PASS,FAILING_POINTS,0,LARGEST_ERROR,1.5604e-010,SUPPORTED,TRUE,EXCEPTION_MSG,NONE,Time,0
Case_70,PASS,FAILING_POINTS,0,LARGEST_ERROR,1.86636e-010,SUPPORTED,TRUE,EXCEPTION_MSG,NONE,Time,0
Case_71,PASS,FAILING_POINTS,0,LARGEST_ERROR,2.37702e-008,SUPPORTED,TRUE,EXCEPTION_MSG,NONE,Time,0
Case_72,PASS,FAILING_POINTS,0,LARGEST_ERROR,5.63718e-008,SUPPORTED,TRUE,EXCEPTION_MSG,NONE,Time,0
Case_73,PASS,FAILING_POINTS,0,LARGEST_ERROR,1.85111e-007,SUPPORTED,TRUE,EXCEPTION_MSG,NONE,Time,0
Case_74,PASS,FAILING_POINTS,0,LARGEST_ERROR,2.07113e-007,SUPPORTED,TRUE,EXCEPTION_MSG,NONE,Time,0
Case_75,FAIL,FAILING_POINTS,101,LARGEST_ERROR,0.5,SUPPORTED,TRUE,EXCEPTION_MSG,NONE,Time,0
Case_76,FAIL,FAILING_POINTS,153,LARGEST_ERROR,0.0104807,SUPPORTED,TRUE,EXCEPTION_MSG,NONE,Time,0
Case_77,FAIL,FAILING_POINTS,204,LARGEST_ERROR,5.8004,SUPPORTED,TRUE,EXCEPTION_MSG,NONE,Time,0
Case_78,PASS,FAILING_POINTS,0,LARGEST_ERROR,9.03887e-009,SUPPORTED,TRUE,EXCEPTION_MSG,NONE,Time,0
Case_79,PASS,FAILING_POINTS,0,LARGEST_ERROR,7.01923e-012,SUPPORTED,TRUE,EXCEPTION_MSG,NONE,Time,0
Case_80,PASS,FAILING_POINTS,0,LARGEST_ERROR,2.80815e-011,SUPPORTED,TRUE,EXCEPTION_MSG,NONE,Time,0
Case_81,PASS,FAILING_POINTS,0,LARGEST_ERROR,4.94197e-006,SUPPORTED,TRUE,EXCEPTION_MSG,NONE,Time,0
Case_82,PASS,FAILING_POINTS,0,LARGEST_ERROR,1.37844e-011,SUPPORTED,TRUE,EXCEPTION_MSG,NONE,Time,0
Case_83,PASS,FAILING_POINTS,0,LARGEST_ERROR,4.8866e-006,SUPPORTED,TRUE,EXCEPTION_MSG,NONE,Time,0
Case_84,PASS,FAILING_POINTS,0,LARGEST_ERROR,3.70902e-008,SUPPORTED,TRUE,EXCEPTION_MSG,NONE,Time,1
Case_85,PASS,FAILING_POINTS,0,LARGEST_ERROR,8.86843e-012,SUPPORTED,TRUE,EXCEPTION_MSG,NONE,Time,0
Case_86,PASS,FAILING_POINTS,0,LARGEST_ERROR,1.19811e-007,SUPPORTED,TRUE,EXCEPTION_MSG,NONE,Time,0
Case_87,PASS,FAILING_POINTS,0,LARGEST_ERROR,2.44686e-008,SUPPORTED,TRUE,EXCEPTION_MSG,NONE,Time,0
Case_88,PASS,FAILING_POINTS,0,LARGEST_ERROR,3.09939e-008,SUPPORTED,TRUE,EXCEPTION_MSG,NONE,Time,0
Case_89,PASS,FAILING_POINTS,0,LARGEST_ERROR,1.16856e-011,SUPPORTED,TRUE,EXCEPTION_MSG,NONE,Time,0
Case_90,PASS,FAILING_POINTS,0,LARGEST_ERROR,1.16856e-011,SUPPORTED,TRUE,EXCEPTION_MSG,NONE,Time,0
Case_91,PASS,FAILING_POINTS,0,LARGEST_ERROR,1.16856e-011,SUPPORTED,TRUE,EXCEPTION_MSG,NONE,Time,0
Case_92,PASS,FAILING_POINTS,0,LARGEST_ERROR,1.10523e-011,SUPPORTED,TRUE,EXCEPTION_MSG,NONE,Time,0
Case_93,PASS,FAILING_POINTS,0,LARGEST_ERROR,1.10523e-011,SUPPORTED,TRUE,EXCEPTION_MSG,NONE,Time,0
Case_94,PASS,FAILING_POINTS,0,LARGEST_ERROR,1.10523e-011,SUPPORTED,TRUE,EXCEPTION_MSG,NONE,Time,0
Case_95,PASS,FAILING_POINTS,0,LARGEST_ERROR,6.45248e-012,SUPPORTED,TRUE,EXCEPTION_MSG,NONE,Time,0
Case_96,PASS,FAILING_POINTS,0,LARGEST_ERROR,6.45248e-012,SUPPORTED,TRUE,EXCEPTION_MSG,NONE,Time,0
Case_97,PASS,FAILING_POINTS,0,LARGEST_ERROR,6.45248e-012,SUPPORTED,TRUE,EXCEPTION_MSG,NONE,Time,0
Case_98,PASS,FAILING_POINTS,0,LARGEST_ERROR,1.23226e-011,SUPPORTED,TRUE,EXCEPTION_MSG,NONE,Time,0
Case_99,PASS,FAILING_POINTS,0,LARGEST_ERROR,1.23226e-011,SUPPORTED,TRUE,EXCEPTION_MSG,NONE,Time,0
Case_100,PASS,FAILING_POINTS,0,LARGEST_ERROR,1.23226e-011,SUPPORTED,TRUE,EXCEPTION_MSG,NONE,Time,0
Case_101,PASS,FAILING_POINTS,0,LARGEST_ERROR,1.13332e-012,SUPPORTED,TRUE,EXCEPTION_MSG,NONE,Time,0
Case_102,PASS,FAILING_POINTS,0,LARGEST_ERROR,5.99114e-012,SUPPORTED,TRUE,EXCEPTION_MSG,NONE,Time,0
Case_103,PASS,FAILING_POINTS,0,LARGEST_ERROR,5.99114e-012,SUPPORTED,TRUE,EXCEPTION_MSG,NONE,Time,0
Case_104,FAIL,FAILING_POINTS,100,LARGEST_ERROR,1.22761,SUPPORTED,TRUE,EXCEPTION_MSG,NONE,Time,0
Case_105,FAIL,FAILING_POINTS,150,LARGEST_ERROR,1.11342,SUPPORTED,TRUE,EXCEPTION_MSG,NONE,Time,0
Case_106,FAIL,FAILING_POINTS,200,LARGEST_ERROR,0.497883,SUPPORTED,TRUE,EXCEPTION_MSG,NONE,Time,0
Case_107,FAIL,FAILING_POINTS,102,LARGEST_ERROR,0.158091,SUPPORTED,TRUE,EXCEPTION_MSG,NONE,Time,0
Case_108,FAIL,FAILING_POINTS,153,LARGEST_ERROR,0.000164892,SUPPORTED,TRUE,EXCEPTION_MSG,NONE,Time,0
Case_109,FAIL,FAILING_POINTS,204,LARGEST_ERROR,0.00184,SUPPORTED,TRUE,EXCEPTION_MSG,NONE,Time,0
Case_110,PASS,FAILING_POINTS,0,LARGEST_ERROR,4.07891e-009,SUPPORTED,TRUE,EXCEPTION_MSG,NONE,Time,0
Case_111,PASS,FAILING_POINTS,0,LARGEST_ERROR,7.80857e-009,SUPPORTED,TRUE,EXCEPTION_MSG,NONE,Time,0
Case_112,PASS,FAILING_POINTS,0,LARGEST_ERROR,2.03947e-008,SUPPORTED,TRUE,EXCEPTION_MSG,NONE,Time,0
Case_113,PASS,FAILING_POINTS,0,LARGEST_ERROR,3.78214e-009,SUPPORTED,TRUE,EXCEPTION_MSG,NONE,Time,0
Case_114,PASS,FAILING_POINTS,0,LARGEST_ERROR,9.38661e-011,SUPPORTED,TRUE,EXCEPTION_MSG,NONE,Time,0
Case_115,PASS,FAILING_POINTS,0,LARGEST_ERROR,6.57937e-012,SUPPORTED,TRUE,EXCEPTION_MSG,NONE,Time,0
Case_116,PASS,FAILING_POINTS,0,LARGEST_ERROR,5.39181e-011,SUPPORTED,TRUE,EXCEPTION_MSG,NONE,Time,0
Case_117,PASS,FAILING_POINTS,0,LARGEST_ERROR,2.27065e-011,SUPPORTED,TRUE,EXCEPTION_MSG,NONE,Time,0
Case_118,PASS,FAILING_POINTS,0,LARGEST_ERROR,1.77636e-015,SUPPORTED,TRUE,EXCEPTION_MSG,NONE,Time,0
Case_119,PASS,FAILING_POINTS,0,LARGEST_ERROR,4.87143e-006,SUPPORTED,TRUE,EXCEPTION_MSG,NONE,Time,0
Case_120,PASS,FAILING_POINTS,0,LARGEST_ERROR,4.41296e-009,SUPPORTED,TRUE,EXCEPTION_MSG,NONE,Time,0
Case_121,PASS,FAILING_POINTS,0,LARGEST_ERROR,5.93421e-012,SUPPORTED,TRUE,EXCEPTION_MSG,NONE,Time,0
Case_122,PASS,FAILING_POINTS,0,LARGEST_ERROR,9.25197e-012,SUPPORTED,TRUE,EXCEPTION_MSG,NONE,Time,0
Case_123,PASS,FAILING_POINTS,0,LARGEST_ERROR,3.21431e-012,SUPPORTED,TRUE,EXCEPTION_MSG,NONE,Time,0
Case_124,PASS,FAILING_POINTS,0,LARGEST_ERROR,2.59564e-009,SUPPORTED,TRUE,EXCEPTION_MSG,NONE,Time,0
Case_125,PASS,FAILING_POINTS,0,LARGEST_ERROR,6.19196e-011,SUPPORTED,TRUE,EXCEPTION_MSG,NONE,Time,0
Case_126,PASS,FAILING_POINTS,0,LARGEST_ERROR,1.62263e-011,SUPPORTED,TRUE,EXCEPTION_MSG,NONE,Time,0
Case_127,PASS,FAILING_POINTS,0,LARGEST_ERROR,3.36051e-011,SUPPORTED,TRUE,EXCEPTION_MSG,NONE,Time,0
Case_128,PASS,FAILING_POINTS,0,LARGEST_ERROR,2.47322e-011,SUPPORTED,TRUE,EXCEPTION_MSG,NONE,Time,0
Case_129,PASS,FAILING_POINTS,0,LARGEST_ERROR,6.07423e-008,SUPPORTED,TRUE,EXCEPTION_MSG,NONE,Time,0
Case_130,PASS,FAILING_POINTS,0,LARGEST_ERROR,9.5797e-012,SUPPORTED,TRUE,EXCEPTION_MSG,NONE,Time,0
Case_131,PASS,FAILING_POINTS,0,LARGEST_ERROR,8.42643e-011,SUPPORTED,TRUE,EXCEPTION_MSG,NONE,Time,0
Case_132,PASS,FAILING_POINTS,0,LARGEST_ERROR,1.18532e-011,SUPPORTED,TRUE,EXCEPTION_MSG,NONE,Time,0
Case_133,PASS,FAILING_POINTS,0,LARGEST_ERROR,1.18532e-011,SUPPORTED,TRUE,EXCEPTION_MSG,NONE,Time,0
Case_134,PASS,FAILING_POINTS,0,LARGEST_ERROR,1.14853e-010,SUPPORTED,TRUE,EXCEPTION_MSG,NONE,Time,0
Case_135,PASS,FAILING_POINTS,0,LARGEST_ERROR,2.60277e-011,SUPPORTED,TRUE,EXCEPTION_MSG,NONE,Time,0
Case_136,PASS,FAILING_POINTS,0,LARGEST_ERROR,4.99864e-006,SUPPORTED,TRUE,EXCEPTION_MSG,NONE,Time,0
Case_137,PASS,FAILING_POINTS,0,LARGEST_ERROR,2.44686e-008,SUPPORTED,TRUE,EXCEPTION_MSG,NONE,Time,0
Case_138,PASS,FAILING_POINTS,0,LARGEST_ERROR,2.44686e-008,SUPPORTED,TRUE,EXCEPTION_MSG,NONE,Time,0
Case_139,PASS,FAILING_POINTS,0,LARGEST_ERROR,1.93842e-008,SUPPORTED,TRUE,EXCEPTION_MSG,NONE,Time,0
Case_140,PASS,FAILING_POINTS,0,LARGEST_ERROR,1.93842e-008,SUPPORTED,TRUE,EXCEPTION_MSG,NONE,Time,0
Case_141,PASS,FAILING_POINTS,0,LARGEST_ERROR,1.93842e-008,SUPPORTED,TRUE,EXCEPTION_MSG,NONE,Time,0
Case_142,PASS,FAILING_POINTS,0,LARGEST_ERROR,3.43922e-012,SUPPORTED,TRUE,EXCEPTION_MSG,NONE,Time,0
Case_143,PASS,FAILING_POINTS,0,LARGEST_ERROR,3.43922e-012,SUPPORTED,TRUE,EXCEPTION_MSG,NONE,Time,0
Case_144,PASS,FAILING_POINTS,0,LARGEST_ERROR,3.43922e-012,SUPPORTED,TRUE,EXCEPTION_MSG,NONE,Time,0
Case_145,PASS,FAILING_POINTS,0,LARGEST_ERROR,8.01257e-011,SUPPORTED,TRUE,EXCEPTION_MSG,NONE,Time,0
Case_146,PASS,FAILING_POINTS,0,LARGEST_ERROR,8.01257e-011,SUPPORTED,TRUE,EXCEPTION_MSG,NONE,Time,0
Case_147,PASS,FAILING_POINTS,0,LARGEST_ERROR,8.01257e-011,SUPPORTED,TRUE,EXCEPTION_MSG,NONE,Time,0
Case_148,PASS,FAILING_POINTS,0,LARGEST_ERROR,1.15848e-009,SUPPORTED,TRUE,EXCEPTION_MSG,NONE,Time,0
Case_149,PASS,FAILING_POINTS,0,LARGEST_ERROR,1.15848e-009,SUPPORTED,TRUE,EXCEPTION_MSG,NONE,Time,0
Case_150,PASS,FAILING_POINTS,0,LARGEST_ERROR,1.15848e-009,SUPPORTED,TRUE,EXCEPTION_MSG,NONE,Time,0
Case_151,PASS,FAILING_POINTS,0,LARGEST_ERROR,1.16856e-011,SUPPORTED,TRUE,EXCEPTION_MSG,NONE,Time,0
Case_152,PASS,FAILING_POINTS,0,LARGEST_ERROR,2.44748e-008,SUPPORTED,TRUE,EXCEPTION_MSG,NONE,Time,0
Case_153,PASS,FAILING_POINTS,0,LARGEST_ERROR,1.6801e-011,SUPPORTED,TRUE,EXCEPTION_MSG,NONE,Time,0
Case_154,PASS,FAILING_POINTS,0,LARGEST_ERROR,2.07327e-010,SUPPORTED,TRUE,EXCEPTION_MSG,NONE,Time,0
Case_155,PASS,FAILING_POINTS,0,LARGEST_ERROR,1.6801e-011,SUPPORTED,TRUE,EXCEPTION_MSG,NONE,Time,0
Case_156,PASS,FAILING_POINTS,0,LARGEST_ERROR,2.05351e-010,SUPPORTED,TRUE,EXCEPTION_MSG,NONE,Time,0
Case_157,FAIL,FAILING_POINTS,204,LARGEST_ERROR,2.2275,SUPPORTED,TRUE,EXCEPTION_MSG,NONE,Time,0
Case_158,FAIL,FAILING_POINTS,117,LARGEST_ERROR,1.3225,SUPPORTED,TRUE,EXCEPTION_MSG,NONE,Time,0
Case_159,PASS,FAILING_POINTS,0,LARGEST_ERROR,3.38987e-011,SUPPORTED,TRUE,EXCEPTION_MSG,NONE,Time,0
Case_160,PASS,FAILING_POINTS,0,LARGEST_ERROR,2.10891e-008,SUPPORTED,TRUE,EXCEPTION_MSG,NONE,Time,0
Case_161,PASS,FAILING_POINTS,0,LARGEST_ERROR,3.25581e-010,SUPPORTED,TRUE,EXCEPTION_MSG,NONE,Time,0
Case_162,PASS,FAILING_POINTS,0,LARGEST_ERROR,3.25581e-010,SUPPORTED,TRUE,EXCEPTION_MSG,NONE,Time,0
Case_163,PASS,FAILING_POINTS,0,LARGEST_ERROR,1.82641e-010,SUPPORTED,TRUE,EXCEPTION_MSG,NONE,Time,0
Case_164,PASS,FAILING_POINTS,0,LARGEST_ERROR,8.88178e-016,SUPPORTED,TRUE,EXCEPTION_MSG,NONE,Time,0
Case_165,PASS,FAILING_POINTS,0,LARGEST_ERROR,1.14902e-010,SUPPORTED,TRUE,EXCEPTION_MSG,NONE,Time,0
Case_166,PASS,FAILING_POINTS,0,LARGEST_ERROR,4.16352e-011,SUPPORTED,TRUE,EXCEPTION_MSG,NONE,Time,0
Case_167,PASS,FAILING_POINTS,0,LARGEST_ERROR,5.24565e-011,SUPPORTED,TRUE,EXCEPTION_MSG,NONE,Time,0
Case_168,PASS,FAILING_POINTS,0,LARGEST_ERROR,9.37928e-012,SUPPORTED,TRUE,EXCEPTION_MSG,NONE,Time,0
Case_169,PASS,FAILING_POINTS,0,LARGEST_ERROR,2.62663e-011,SUPPORTED,TRUE,EXCEPTION_MSG,NONE,Time,0
Case_170,PASS,FAILING_POINTS,0,LARGEST_ERROR,8.46439e-012,SUPPORTED,TRUE,EXCEPTION_MSG,NONE,Time,0
Case_171,PASS,FAILING_POINTS,0,LARGEST_ERROR,5.39438e-010,SUPPORTED,TRUE,EXCEPTION_MSG,NONE,Time,0
Case_172,PASS,FAILING_POINTS,0,LARGEST_ERROR,2.98013e-008,SUPPORTED,TRUE,EXCEPTION_MSG,NONE,Time,0
Case_173,PASS,FAILING_POINTS,0,LARGEST_ERROR,5.77094e-013,SUPPORTED,TRUE,EXCEPTION_MSG,NONE,Time,0
Case_174,PASS,FAILING_POINTS,0,LARGEST_ERROR,2.22045e-016,SUPPORTED,TRUE,EXCEPTION_MSG,NONE,Time,0
Case_175,PASS,FAILING_POINTS,0,LARGEST_ERROR,1.06581e-014,SUPPORTED,TRUE,EXCEPTION_MSG,NONE,Time,0
Case_176,PASS,FAILING_POINTS,0,LARGEST_ERROR,2.71279e-009,SUPPORTED,TRUE,EXCEPTION_MSG,NONE,Time,0
Case_177,PASS,FAILING_POINTS,0,LARGEST_ERROR,4.35625e-009,SUPPORTED,TRUE,EXCEPTION_MSG,NONE,Time,0
Case_178,PASS,FAILING_POINTS,0,LARGEST_ERROR,7.92339e-010,SUPPORTED,TRUE,EXCEPTION_MSG,NONE,Time,0
Case_179,PASS,FAILING_POINTS,0,LARGEST_ERROR,5.16049e-010,SUPPORTED,TRUE,EXCEPTION_MSG,NONE,Time,0
Case_180,PASS,FAILING_POINTS,0,LARGEST_ERROR,1.18981e-008,SUPPORTED,TRUE,EXCEPTION_MSG,NONE,Time,0
Case_181,PASS,FAILING_POINTS,0,LARGEST_ERROR,2.44674e-008,SUPPORTED,TRUE,EXCEPTION_MSG,NONE,Time,0
Case_182,FAIL,FAILING_POINTS,0,LARGEST_ERROR,1,SUPPORTED,FALSE,EXCEPTION_MSG,NOT_SUPPORTED,Time,0
Case_183,PASS,FAILING_POINTS,0,LARGEST_ERROR,6.54816e-009,SUPPORTED,TRUE,EXCEPTION_MSG,NONE,Time,0
Case_184,FAIL,FAILING_POINTS,0,LARGEST_ERROR,1,SUPPORTED,FALSE,EXCEPTION_MSG,NOT_SUPPORTED,Time,0
Case_185,PASS,FAILING_POINTS,0,LARGEST_ERROR,2.5e-006,SUPPORTED,TRUE,EXCEPTION_MSG,NONE,Time,0
Case_186,PASS,FAILING_POINTS,0,LARGEST_ERROR,1.01903e-011,SUPPORTED,TRUE,EXCEPTION_MSG,NONE,Time,0
Case_187,PASS,FAILING_POINTS,0,LARGEST_ERROR,8.16048e-012,SUPPORTED,TRUE,EXCEPTION_MSG,NONE,Time,0
Case_188,PASS,FAILING_POINTS,0,LARGEST_ERROR,6.84039e-012,SUPPORTED,TRUE,EXCEPTION_MSG,NONE,Time,0
Case_189,PASS,FAILING_POINTS,0,LARGEST_ERROR,1.12456e-011,SUPPORTED,TRUE,EXCEPTION_MSG,NONE,Time,0
Case_190,PASS,FAILING_POINTS,0,LARGEST_ERROR,1.06581e-014,SUPPORTED,TRUE,EXCEPTION_MSG,NONE,Time,0
Case_191,PASS,FAILING_POINTS,0,LARGEST_ERROR,2.75702e-007,SUPPORTED,TRUE,EXCEPTION_MSG,NONE,Time,0
Case_192,PASS,FAILING_POINTS,0,LARGEST_ERROR,2.07868e-007,SUPPORTED,TRUE,EXCEPTION_MSG,NONE,Time,0
Case_193,PASS,FAILING_POINTS,0,LARGEST_ERROR,1.08335e-007,SUPPORTED,TRUE,EXCEPTION_MSG,NONE,Time,0
Case_194,PASS,FAILING_POINTS,0,LARGEST_ERROR,9.44806e-008,SUPPORTED,TRUE,EXCEPTION_MSG,NONE,Time,0
Case_195,PASS,FAILING_POINTS,0,LARGEST_ERROR,2.40932e-008,SUPPORTED,TRUE,EXCEPTION_MSG,NONE,Time,0
Case_196,PASS,FAILING_POINTS,0,LARGEST_ERROR,2.87748e-012,SUPPORTED,TRUE,EXCEPTION_MSG,NONE,Time,0
Case_197,PASS,FAILING_POINTS,0,LARGEST_ERROR,3.43359e-012,SUPPORTED,TRUE,EXCEPTION_MSG,NONE,Time,0
Case_198,PASS,FAILING_POINTS,0,LARGEST_ERROR,6.81696e-007,SUPPORTED,TRUE,EXCEPTION_MSG,NONE,Time,0
Case_199,PASS,FAILING_POINTS,0,LARGEST_ERROR,2.75702e-007,SUPPORTED,TRUE,EXCEPTION_MSG,NONE,Time,0
Case_200,PASS,FAILING_POINTS,0,LARGEST_ERROR,1.87609e-007,SUPPORTED,TRUE,EXCEPTION_MSG,NONE,Time,0
Case_201,PASS,FAILING_POINTS,0,LARGEST_ERROR,1.44055e-007,SUPPORTED,TRUE,EXCEPTION_MSG,NONE,Time,0
Case_202,FAIL,FAILING_POINTS,90,LARGEST_ERROR,1e-006,SUPPORTED,TRUE,EXCEPTION_MSG,NONE,Time,0
Case_203,FAIL,FAILING_POINTS,153,LARGEST_ERROR,2.12929e-006,SUPPORTED,TRUE,EXCEPTION_MSG,NONE,Time,0
Case_204,FAIL,FAILING_POINTS,204,LARGEST_ERROR,0.000293418,SUPPORTED,TRUE,EXCEPTION_MSG,NONE,Time,0
Case_205,FAIL,FAILING_POINTS,73,LARGEST_ERROR,3.5e-005,SUPPORTED,TRUE,EXCEPTION_MSG,NONE,Time,0
Case_206,FAIL,FAILING_POINTS,153,LARGEST_ERROR,0.0213588,SUPPORTED,TRUE,EXCEPTION_MSG,NONE,Time,0
Case_207,FAIL,FAILING_POINTS,204,LARGEST_ERROR,1.75286,SUPPORTED,TRUE,EXCEPTION_MSG,NONE,Time,0
Case_208,PASS,FAILING_POINTS,0,LARGEST_ERROR,6.41997e-012,SUPPORTED,TRUE,EXCEPTION_MSG,NONE,Time,0
Case_209,PASS,FAILING_POINTS,0,LARGEST_ERROR,8.93203e-010,SUPPORTED,TRUE,EXCEPTION_MSG,NONE,Time,0
Case_210,PASS,FAILING_POINTS,0,LARGEST_ERROR,6.11124e-012,SUPPORTED,TRUE,EXCEPTION_MSG,NONE,Time,0
Case_211,PASS,FAILING_POINTS,0,LARGEST_ERROR,1.11022e-016,SUPPORTED,TRUE,EXCEPTION_MSG,NONE,Time,0
Case_212,PASS,FAILING_POINTS,0,LARGEST_ERROR,1.45542e-011,SUPPORTED,TRUE,EXCEPTION_MSG,NONE,Time,0
Case_213,PASS,FAILING_POINTS,0,LARGEST_ERROR,1.11022e-016,SUPPORTED,TRUE,EXCEPTION_MSG,NONE,Time,0
Case_214,PASS,FAILING_POINTS,0,LARGEST_ERROR,2.45488e-011,SUPPORTED,TRUE,EXCEPTION_MSG,NONE,Time,0
Case_215,PASS,FAILING_POINTS,0,LARGEST_ERROR,1.17749e-010,SUPPORTED,TRUE,EXCEPTION_MSG,NONE,Time,0
Case_216,PASS,FAILING_POINTS,0,LARGEST_ERROR,3.13056e-010,SUPPORTED,TRUE,EXCEPTION_MSG,NONE,Time,0
Case_217,PASS,FAILING_POINTS,0,LARGEST_ERROR,4.69007e-012,SUPPORTED,TRUE,EXCEPTION_MSG,NONE,Time,0
Case_218,PASS,FAILING_POINTS,0,LARGEST_ERROR,6.32078e-011,SUPPORTED,TRUE,EXCEPTION_MSG,NONE,Time,0
Case_219,PASS,FAILING_POINTS,0,LARGEST_ERROR,3.93048e-012,SUPPORTED,TRUE,EXCEPTION_MSG,NONE,Time,0
Case_220,PASS,FAILING_POINTS,0,LARGEST_ERROR,5.93529e-012,SUPPORTED,TRUE,EXCEPTION_MSG,NONE,Time,0
Case_221,PASS,FAILING_POINTS,0,LARGEST_ERROR,5.77174e-012,SUPPORTED,TRUE,EXCEPTION_MSG,NONE,Time,0
Case_222,PASS,FAILING_POINTS,0,LARGEST_ERROR,3.91132e-012,SUPPORTED,TRUE,EXCEPTION_MSG,NONE,Time,0
Case_223,PASS,FAILING_POINTS,0,LARGEST_ERROR,9.25231e-012,SUPPORTED,TRUE,EXCEPTION_MSG,NONE,Time,0
Case_224,PASS,FAILING_POINTS,0,LARGEST_ERROR,2.79604e-009,SUPPORTED,TRUE,EXCEPTION_MSG,NONE,Time,0
Case_225,PASS,FAILING_POINTS,0,LARGEST_ERROR,8.25801e-011,SUPPORTED,TRUE,EXCEPTION_MSG,NONE,Time,0
Case_226,PASS,FAILING_POINTS,0,LARGEST_ERROR,5.55112e-017,SUPPORTED,TRUE,EXCEPTION_MSG,NONE,Time,0
Case_227,PASS,FAILING_POINTS,0,LARGEST_ERROR,1.4809e-011,SUPPORTED,TRUE,EXCEPTION_MSG,NONE,Time,0
Case_228,PASS,FAILING_POINTS,0,LARGEST_ERROR,5.55112e-017,SUPPORTED,TRUE,EXCEPTION_MSG,NONE,Time,0
Case_229,PASS,FAILING_POINTS,0,LARGEST_ERROR,5.41143e-006,SUPPORTED,TRUE,EXCEPTION_MSG,NONE,Time,0
Case_230,PASS,FAILING_POINTS,0,LARGEST_ERROR,2.37543e-009,SUPPORTED,TRUE,EXCEPTION_MSG,NONE,Time,0
Case_231,PASS,FAILING_POINTS,0,LARGEST_ERROR,4.99612e-006,SUPPORTED,TRUE,EXCEPTION_MSG,NONE,Time,0
Case_232,PASS,FAILING_POINTS,0,LARGEST_ERROR,4.57402e-006,SUPPORTED,TRUE,EXCEPTION_MSG,NONE,Time,0
Case_233,PASS,FAILING_POINTS,0,LARGEST_ERROR,6.75013e-012,SUPPORTED,TRUE,EXCEPTION_MSG,NONE,Time,0
Case_234,PASS,FAILING_POINTS,0,LARGEST_ERROR,1.00121e-011,SUPPORTED,TRUE,EXCEPTION_MSG,NONE,Time,0
Case_235,PASS,FAILING_POINTS,0,LARGEST_ERROR,3.95378e-010,SUPPORTED,TRUE,EXCEPTION_MSG,NONE,Time,0
Case_236,PASS,FAILING_POINTS,0,LARGEST_ERROR,3.76547e-011,SUPPORTED,TRUE,EXCEPTION_MSG,NONE,Time,0
Case_237,PASS,FAILING_POINTS,0,LARGEST_ERROR,9.17365e-012,SUPPORTED,TRUE,EXCEPTION_MSG,NONE,Time,0
Case_238,PASS,FAILING_POINTS,0,LARGEST_ERROR,1.94289e-016,SUPPORTED,TRUE,EXCEPTION_MSG,NONE,Time,0
Case_239,PASS,FAILING_POINTS,0,LARGEST_ERROR,1.19733e-008,SUPPORTED,TRUE,EXCEPTION_MSG,NONE,Time,0
Case_240,PASS,FAILING_POINTS,0,LARGEST_ERROR,7.60471e-012,SUPPORTED,TRUE,EXCEPTION_MSG,NONE,Time,0
Case_241,PASS,FAILING_POINTS,0,LARGEST_ERROR,2.75146e-012,SUPPORTED,TRUE,EXCEPTION_MSG,NONE,Time,0
Case_242,PASS,FAILING_POINTS,0,LARGEST_ERROR,8.07138e-012,SUPPORTED,TRUE,EXCEPTION_MSG,NONE,Time,0
Case_243,PASS,FAILING_POINTS,0,LARGEST_ERROR,1.2648e-008,SUPPORTED,TRUE,EXCEPTION_MSG,NONE,Time,0
Case_244,PASS,FAILING_POINTS,0,LARGEST_ERROR,2.73777e-009,SUPPORTED,TRUE,EXCEPTION_MSG,NONE,Time,0
Case_245,PASS,FAILING_POINTS,0,LARGEST_ERROR,1.13284e-008,SUPPORTED,TRUE,EXCEPTION_MSG,NONE,Time,0
Case_246,PASS,FAILING_POINTS,0,LARGEST_ERROR,4.93918e-006,SUPPORTED,TRUE,EXCEPTION_MSG,NONE,Time,0
Case_247,PASS,FAILING_POINTS,0,LARGEST_ERROR,3.15765e-009,SUPPORTED,TRUE,EXCEPTION_MSG,NONE,Time,0
Case_248,FAIL,FAILING_POINTS,153,LARGEST_ERROR,0.500387,SUPPORTED,TRUE,EXCEPTION_MSG,NONE,Time,0
Case_249,FAIL,FAILING_POINTS,204,LARGEST_ERROR,0.00025,SUPPORTED,TRUE,EXCEPTION_MSG,NONE,Time,0
Case_250,FAIL,FAILING_POINTS,255,LARGEST_ERROR,8e-006,SUPPORTED,TRUE,EXCEPTION_MSG,NONE,Time,0
Case_251,PASS,FAILING_POINTS,0,LARGEST_ERROR,4.36644e-008,SUPPORTED,TRUE,EXCEPTION_MSG,NONE,Time,0
Case_252,PASS,FAILING_POINTS,0,LARGEST_ERROR,9.79256e-012,SUPPORTED,TRUE,EXCEPTION_MSG,NONE,Time,0
Case_253,PASS,FAILING_POINTS,0,LARGEST_ERROR,5.93421e-012,SUPPORTED,TRUE,EXCEPTION_MSG,NONE,Time,0
Case_254,PASS,FAILING_POINTS,0,LARGEST_ERROR,2.8384e-008,SUPPORTED,TRUE,EXCEPTION_MSG,NONE,Time,0
Case_255,PASS,FAILING_POINTS,0,LARGEST_ERROR,8.98931e-012,SUPPORTED,TRUE,EXCEPTION_MSG,NONE,Time,0
Case_256,PASS,FAILING_POINTS,0,LARGEST_ERROR,3.72491e-012,SUPPORTED,TRUE,EXCEPTION_MSG,NONE,Time,0
Case_257,PASS,FAILING_POINTS,0,LARGEST_ERROR,3.8486e-008,SUPPORTED,TRUE,EXCEPTION_MSG,NONE,Time,0
Case_258,PASS,FAILING_POINTS,0,LARGEST_ERROR,9.47269e-012,SUPPORTED,TRUE,EXCEPTION_MSG,NONE,Time,0
Case_259,PASS,FAILING_POINTS,0,LARGEST_ERROR,6.20161e-012,SUPPORTED,TRUE,EXCEPTION_MSG,NONE,Time,0
Case_260,PASS,FAILING_POINTS,0,LARGEST_ERROR,1.62263e-011,SUPPORTED,TRUE,EXCEPTION_MSG,NONE,Time,0
Case_261,PASS,FAILING_POINTS,0,LARGEST_ERROR,1.86426e-011,SUPPORTED,TRUE,EXCEPTION_MSG,NONE,Time,0
Case_262,PASS,FAILING_POINTS,0,LARGEST_ERROR,9.86101e-012,SUPPORTED,TRUE,EXCEPTION_MSG,NONE,Time,0
Case_263,PASS,FAILING_POINTS,0,LARGEST_ERROR,8.47653e-012,SUPPORTED,TRUE,EXCEPTION_MSG,NONE,Time,0
Case_264,PASS,FAILING_POINTS,0,LARGEST_ERROR,1.42478e-011,SUPPORTED,TRUE,EXCEPTION_MSG,NONE,Time,0
Case_265,PASS,FAILING_POINTS,0,LARGEST_ERROR,2.17583e-010,SUPPORTED,TRUE,EXCEPTION_MSG,NONE,Time,0
Case_266,PASS,FAILING_POINTS,0,LARGEST_ERROR,2.69857e-011,SUPPORTED,TRUE,EXCEPTION_MSG,NONE,Time,0
Case_267,PASS,FAILING_POINTS,0,LARGEST_ERROR,6.70201e-011,SUPPORTED,TRUE,EXCEPTION_MSG,NONE,Time,0
Case_268,PASS,FAILING_POINTS,0,LARGEST_ERROR,7.33289e-011,SUPPORTED,TRUE,EXCEPTION_MSG,NONE,Time,0
Case_269,PASS,FAILING_POINTS,0,LARGEST_ERROR,5.77094e-013,SUPPORTED,TRUE,EXCEPTION_MSG,NONE,Time,0
Case_270,PASS,FAILING_POINTS,0,LARGEST_ERROR,2.07868e-007,SUPPORTED,TRUE,EXCEPTION_MSG,NONE,Time,0
Case_271,PASS,FAILING_POINTS,0,LARGEST_ERROR,1.59872e-014,SUPPORTED,TRUE,EXCEPTION_MSG,NONE,Time,0
Case_272,PASS,FAILING_POINTS,0,LARGEST_ERROR,2.75702e-007,SUPPORTED,TRUE,EXCEPTION_MSG,NONE,Time,0
Case_273,PASS,FAILING_POINTS,0,LARGEST_ERROR,1.08335e-007,SUPPORTED,TRUE,EXCEPTION_MSG,NONE,Time,0
Case_274,PASS,FAILING_POINTS,0,LARGEST_ERROR,9.44806e-008,SUPPORTED,TRUE,EXCEPTION_MSG,NONE,Time,0
Case_275,PASS,FAILING_POINTS,0,LARGEST_ERROR,4.87251e-007,SUPPORTED,TRUE,EXCEPTION_MSG,NONE,Time,0
Case_276,PASS,FAILING_POINTS,0,LARGEST_ERROR,6.81622e-007,SUPPORTED,TRUE,EXCEPTION_MSG,NONE,Time,0
Case_277,PASS,FAILING_POINTS,0,LARGEST_ERROR,2.75702e-007,SUPPORTED,TRUE,EXCEPTION_MSG,NONE,Time,0
Case_278,PASS,FAILING_POINTS,0,LARGEST_ERROR,1.87609e-007,SUPPORTED,TRUE,EXCEPTION_MSG,NONE,Time,0
Case_279,PASS,FAILING_POINTS,0,LARGEST_ERROR,1.44055e-007,SUPPORTED,TRUE,EXCEPTION_MSG,NONE,Time,0
Case_280,FAIL,FAILING_POINTS,102,LARGEST_ERROR,0.124239,SUPPORTED,TRUE,EXCEPTION_MSG,NONE,Time,0
Case_281,FAIL,FAILING_POINTS,102,LARGEST_ERROR,0.00211967,SUPPORTED,TRUE,EXCEPTION_MSG,NONE,Time,0
Case_282,FAIL,FAILING_POINTS,153,LARGEST_ERROR,2.31444e-006,SUPPORTED,TRUE,EXCEPTION_MSG,NONE,Time,0
Case_283,FAIL,FAILING_POINTS,153,LARGEST_ERROR,2.10227e-006,SUPPORTED,TRUE,EXCEPTION_MSG,NONE,Time,0
Case_284,FAIL,FAILING_POINTS,204,LARGEST_ERROR,0.009152,SUPPORTED,TRUE,EXCEPTION_MSG,NONE,Time,0
Case_285,FAIL,FAILING_POINTS,204,LARGEST_ERROR,8.36877e-005,SUPPORTED,TRUE,EXCEPTION_MSG,NONE,Time,0
Case_286,PASS,FAILING_POINTS,0,LARGEST_ERROR,4.03784e-009,SUPPORTED,TRUE,EXCEPTION_MSG,NONE,Time,0
Case_287,PASS,FAILING_POINTS,0,LARGEST_ERROR,1.20812e-008,SUPPORTED,TRUE,EXCEPTION_MSG,NONE,Time,0
Case_288,PASS,FAILING_POINTS,0,LARGEST_ERROR,1.85931e-008,SUPPORTED,TRUE,EXCEPTION_MSG,NONE,Time,0
Case_289,PASS,FAILING_POINTS,0,LARGEST_ERROR,4.04364e-009,SUPPORTED,TRUE,EXCEPTION_MSG,NONE,Time,0
Case_290,PASS,FAILING_POINTS,0,LARGEST_ERROR,3.99308e-009,SUPPORTED,TRUE,EXCEPTION_MSG,NONE,Time,0
Case_291,PASS,FAILING_POINTS,0,LARGEST_ERROR,6.29199e-009,SUPPORTED,TRUE,EXCEPTION_MSG,NONE,Time,0
Case_292,PASS,FAILING_POINTS,0,LARGEST_ERROR,1.11963e-008,SUPPORTED,TRUE,EXCEPTION_MSG,NONE,Time,0
Case_293,PASS,FAILING_POINTS,0,LARGEST_ERROR,2.22237e-008,SUPPORTED,TRUE,EXCEPTION_MSG,NONE,Time,0
Case_294,PASS,FAILING_POINTS,0,LARGEST_ERROR,1.93028e-008,SUPPORTED,TRUE,EXCEPTION_MSG,NONE,Time,0
Case_295,PASS,FAILING_POINTS,0,LARGEST_ERROR,9.6895e-009,SUPPORTED,TRUE,EXCEPTION_MSG,NONE,Time,0
Case_296,PASS,FAILING_POINTS,0,LARGEST_ERROR,8.88411e-012,SUPPORTED,TRUE,EXCEPTION_MSG,NONE,Time,0
Case_297,PASS,FAILING_POINTS,0,LARGEST_ERROR,1.05866e-010,SUPPORTED,TRUE,EXCEPTION_MSG,NONE,Time,0
Case_298,PASS,FAILING_POINTS,0,LARGEST_ERROR,8.88178e-016,SUPPORTED,TRUE,EXCEPTION_MSG,NONE,Time,0
Case_299,PASS,FAILING_POINTS,0,LARGEST_ERROR,8.34507e-012,SUPPORTED,TRUE,EXCEPTION_MSG,NONE,Time,0
Case_300,PASS,FAILING_POINTS,0,LARGEST_ERROR,1.10375e-011,SUPPORTED,TRUE,EXCEPTION_MSG,NONE,Time,0
Case_301,PASS,FAILING_POINTS,0,LARGEST_ERROR,1.45951e-011,SUPPORTED,TRUE,EXCEPTION_MSG,NONE,Time,0
Case_302,PASS,FAILING_POINTS,0,LARGEST_ERROR,1.13634e-011,SUPPORTED,TRUE,EXCEPTION_MSG,NONE,Time,0
Case_303,PASS,FAILING_POINTS,0,LARGEST_ERROR,8.88178e-016,SUPPORTED,TRUE,EXCEPTION_MSG,NONE,Time,0
Case_304,PASS,FAILING_POINTS,0,LARGEST_ERROR,8.88178e-016,SUPPORTED,TRUE,EXCEPTION_MSG,NONE,Time,0
Case_305,PASS,FAILING_POINTS,0,LARGEST_ERROR,9.25808e-011,SUPPORTED,TRUE,EXCEPTION_MSG,NONE,Time,0
Case_306,PASS,FAILING_POINTS,0,LARGEST_ERROR,3.58427e-012,SUPPORTED,TRUE,EXCEPTION_MSG,NONE,Time,0
Case_307,PASS,FAILING_POINTS,0,LARGEST_ERROR,6.40717e-012,SUPPORTED,TRUE,EXCEPTION_MSG,NONE,Time,0
Case_308,PASS,FAILING_POINTS,0,LARGEST_ERROR,7.54266e-012,SUPPORTED,TRUE,EXCEPTION_MSG,NONE,Time,0
Case_309,PASS,FAILING_POINTS,0,LARGEST_ERROR,3.54251e-010,SUPPORTED,TRUE,EXCEPTION_MSG,NONE,Time,0
Case_310,FAIL,FAILING_POINTS,97,LARGEST_ERROR,8.5,SUPPORTED,TRUE,EXCEPTION_MSG,NONE,Time,0
Case_311,FAIL,FAILING_POINTS,101,LARGEST_ERROR,8.5,SUPPORTED,TRUE,EXCEPTION_MSG,NONE,Time,0
Case_312,FAIL,FAILING_POINTS,90,LARGEST_ERROR,8.5,SUPPORTED,TRUE,EXCEPTION_MSG,NONE,Time,0
Case_313,FAIL,FAILING_POINTS,153,LARGEST_ERROR,18,SUPPORTED,TRUE,EXCEPTION_MSG,NONE,Time,0
Case_314,FAIL,FAILING_POINTS,153,LARGEST_ERROR,19.1075,SUPPORTED,TRUE,EXCEPTION_MSG,NONE,Time,0
Case_315,FAIL,FAILING_POINTS,153,LARGEST_ERROR,1.8,SUPPORTED,TRUE,EXCEPTION_MSG,NONE,Time,0
Case_316,FAIL,FAILING_POINTS,204,LARGEST_ERROR,8.5,SUPPORTED,TRUE,EXCEPTION_MSG,NONE,Time,0
Case_317,FAIL,FAILING_POINTS,204,LARGEST_ERROR,8.5,SUPPORTED,TRUE,EXCEPTION_MSG,NONE,Time,0
Case_318,FAIL,FAILING_POINTS,204,LARGEST_ERROR,15.1667,SUPPORTED,TRUE,EXCEPTION_MSG,NONE,Time,0
Case_319,PASS,FAILING_POINTS,0,LARGEST_ERROR,4.97631e-006,SUPPORTED,TRUE,EXCEPTION_MSG,NONE,Time,0
Case_320,PASS,FAILING_POINTS,0,LARGEST_ERROR,4.70466e-006,SUPPORTED,TRUE,EXCEPTION_MSG,NONE,Time,0
Case_321,PASS,FAILING_POINTS,0,LARGEST_ERROR,4.96293e-006,SUPPORTED,TRUE,EXCEPTION_MSG,NONE,Time,0
Case_322,PASS,FAILING_POINTS,0,LARGEST_ERROR,5.7458e-011,SUPPORTED,TRUE,EXCEPTION_MSG,NONE,Time,0
Case_323,PASS,FAILING_POINTS,0,LARGEST_ERROR,6.57807e-012,SUPPORTED,TRUE,EXCEPTION_MSG,NONE,Time,0
Case_324,PASS,FAILING_POINTS,0,LARGEST_ERROR,5.74836e-011,SUPPORTED,TRUE,EXCEPTION_MSG,NONE,Time,0
Case_325,PASS,FAILING_POINTS,0,LARGEST_ERROR,4.91223e-006,SUPPORTED,TRUE,EXCEPTION_MSG,NONE,Time,0
Case_326,PASS,FAILING_POINTS,0,LARGEST_ERROR,4.86297e-006,SUPPORTED,TRUE,EXCEPTION_MSG,NONE,Time,0
Case_327,PASS,FAILING_POINTS,0,LARGEST_ERROR,4.8866e-006,SUPPORTED,TRUE,EXCEPTION_MSG,NONE,Time,0
Case_328,FAIL,FAILING_POINTS,187,LARGEST_ERROR,4,SUPPORTED,TRUE,EXCEPTION_MSG,NONE,Time,0
Case_329,FAIL,FAILING_POINTS,144,LARGEST_ERROR,0.642857,SUPPORTED,TRUE,EXCEPTION_MSG,NONE,Time,0
Case_330,FAIL,FAILING_POINTS,204,LARGEST_ERROR,0.00425269,SUPPORTED,TRUE,EXCEPTION_MSG,NONE,Time,0
Case_331,PASS,FAILING_POINTS,0,LARGEST_ERROR,3.1259e-009,SUPPORTED,TRUE,EXCEPTION_MSG,NONE,Time,0
Case_332,PASS,FAILING_POINTS,0,LARGEST_ERROR,6.05328e-012,SUPPORTED,TRUE,EXCEPTION_MSG,NONE,Time,0
Case_333,PASS,FAILING_POINTS,0,LARGEST_ERROR,4.8532e-008,SUPPORTED,TRUE,EXCEPTION_MSG,NONE,Time,0
Case_334,PASS,FAILING_POINTS,0,LARGEST_ERROR,5.46338e-012,SUPPORTED,TRUE,EXCEPTION_MSG,NONE,Time,0
Case_335,PASS,FAILING_POINTS,0,LARGEST_ERROR,8.88178e-016,SUPPORTED,TRUE,EXCEPTION_MSG,NONE,Time,0
Case_336,PASS,FAILING_POINTS,0,LARGEST_ERROR,1.21267e-009,SUPPORTED,TRUE,EXCEPTION_MSG,NONE,Time,0
Case_337,PASS,FAILING_POINTS,0,LARGEST_ERROR,1.18753e-008,SUPPORTED,TRUE,EXCEPTION_MSG,NONE,Time,0
Case_338,PASS,FAILING_POINTS,0,LARGEST_ERROR,1.14281e-011,SUPPORTED,TRUE,EXCEPTION_MSG,NONE,Time,0
Case_339,PASS,FAILING_POINTS,0,LARGEST_ERROR,7.6531e-012,SUPPORTED,TRUE,EXCEPTION_MSG,NONE,Time,0
Case_340,PASS,FAILING_POINTS,0,LARGEST_ERROR,6.27649e-012,SUPPORTED,TRUE,EXCEPTION_MSG,NONE,Time,0
Case_341,PASS,FAILING_POINTS,0,LARGEST_ERROR,1.00176e-011,SUPPORTED,TRUE,EXCEPTION_MSG,NONE,Time,0
Case_342,PASS,FAILING_POINTS,0,LARGEST_ERROR,7.6531e-012,SUPPORTED,TRUE,EXCEPTION_MSG,NONE,Time,0
Case_343,PASS,FAILING_POINTS,0,LARGEST_ERROR,1.77636e-015,SUPPORTED,TRUE,EXCEPTION_MSG,NONE,Time,0
Case_344,PASS,FAILING_POINTS,0,LARGEST_ERROR,4.85403e-008,SUPPORTED,TRUE,EXCEPTION_MSG,NONE,Time,0
Case_345,PASS,FAILING_POINTS,0,LARGEST_ERROR,4.80635e-008,SUPPORTED,TRUE,EXCEPTION_MSG,NONE,Time,0
Case_346,PASS,FAILING_POINTS,0,LARGEST_ERROR,8.88178e-016,SUPPORTED,TRUE,EXCEPTION_MSG,NONE,Time,0
Case_347,PASS,FAILING_POINTS,0,LARGEST_ERROR,4.84624e-008,SUPPORTED,TRUE,EXCEPTION_MSG,NONE,Time,0
Case_348,PASS,FAILING_POINTS,0,LARGEST_ERROR,2.55229e-008,SUPPORTED,TRUE,EXCEPTION_MSG,NONE,Time,0
Case_349,PASS,FAILING_POINTS,0,LARGEST_ERROR,1.21508e-007,SUPPORTED,TRUE,EXCEPTION_MSG,NONE,Time,0
Case_350,PASS,FAILING_POINTS,0,LARGEST_ERROR,4.22362e-008,SUPPORTED,TRUE,EXCEPTION_MSG,NONE,Time,0
Case_351,PASS,FAILING_POINTS,0,LARGEST_ERROR,6.91955e-011,SUPPORTED,TRUE,EXCEPTION_MSG,NONE,Time,0
Case_352,PASS,FAILING_POINTS,0,LARGEST_ERROR,9.37838e-010,SUPPORTED,TRUE,EXCEPTION_MSG,NONE,Time,0
Case_353,PASS,FAILING_POINTS,0,LARGEST_ERROR,5.38447e-009,SUPPORTED,TRUE,EXCEPTION_MSG,NONE,Time,0
Case_354,PASS,FAILING_POINTS,0,LARGEST_ERROR,4.95211e-009,SUPPORTED,TRUE,EXCEPTION_MSG,NONE,Time,0
Case_355,PASS,FAILING_POINTS,0,LARGEST_ERROR,6.7122e-009,SUPPORTED,TRUE,EXCEPTION_MSG,NONE,Time,0
Case_356,PASS,FAILING_POINTS,0,LARGEST_ERROR,4.36811e-008,SUPPORTED,TRUE,EXCEPTION_MSG,NONE,Time,0
Case_357,PASS,FAILING_POINTS,0,LARGEST_ERROR,3.81899e-008,SUPPORTED,TRUE,EXCEPTION_MSG,NONE,Time,0
Case_358,PASS,FAILING_POINTS,0,LARGEST_ERROR,1.02518e-007,SUPPORTED,TRUE,EXCEPTION_MSG,NONE,Time,0
Case_359,PASS,FAILING_POINTS,0,LARGEST_ERROR,1.21845e-008,SUPPORTED,TRUE,EXCEPTION_MSG,NONE,Time,0
Case_360,PASS,FAILING_POINTS,0,LARGEST_ERROR,2.07906e-008,SUPPORTED,TRUE,EXCEPTION_MSG,NONE,Time,0
Case_361,PASS,FAILING_POINTS,0,LARGEST_ERROR,3.35205e-009,SUPPORTED,TRUE,EXCEPTION_MSG,NONE,Time,0
Case_362,PASS,FAILING_POINTS,0,LARGEST_ERROR,2.46781e-008,SUPPORTED,TRUE,EXCEPTION_MSG,NONE,Time,0
Case_363,PASS,FAILING_POINTS,0,LARGEST_ERROR,5.61939e-009,SUPPORTED,TRUE,EXCEPTION_MSG,NONE,Time,0
Case_364,PASS,FAILING_POINTS,0,LARGEST_ERROR,4.3494e-009,SUPPORTED,TRUE,EXCEPTION_MSG,NONE,Time,0
Case_365,PASS,FAILING_POINTS,0,LARGEST_ERROR,1.91259e-009,SUPPORTED,TRUE,EXCEPTION_MSG,NONE,Time,0
Case_366,PASS,FAILING_POINTS,0,LARGEST_ERROR,6.25146e-009,SUPPORTED,TRUE,EXCEPTION_MSG,NONE,Time,0
Case_367,PASS,FAILING_POINTS,0,LARGEST_ERROR,4.9705e-009,SUPPORTED,TRUE,EXCEPTION_MSG,NONE,Time,0
Case_368,PASS,FAILING_POINTS,0,LARGEST_ERROR,1.47218e-008,SUPPORTED,TRUE,EXCEPTION_MSG,NONE,Time,0
Case_369,FAIL,FAILING_POINTS,153,LARGEST_ERROR,18,SUPPORTED,TRUE,EXCEPTION_MSG,NONE,Time,0
Case_370,FAIL,FAILING_POINTS,153,LARGEST_ERROR,0.601399,SUPPORTED,TRUE,EXCEPTION_MSG,NONE,Time,0
Case_371,FAIL,FAILING_POINTS,153,LARGEST_ERROR,0.222222,SUPPORTED,TRUE,EXCEPTION_MSG,NONE,Time,0
Case_372,FAIL,FAILING_POINTS,204,LARGEST_ERROR,0.01013,SUPPORTED,TRUE,EXCEPTION_MSG,NONE,Time,0
Case_373,FAIL,FAILING_POINTS,204,LARGEST_ERROR,2.87675,SUPPORTED,TRUE,EXCEPTION_MSG,NONE,Time,0
Case_374,PASS,FAILING_POINTS,0,LARGEST_ERROR,1.45529e-008,SUPPORTED,TRUE,EXCEPTION_MSG,NONE,Time,0
Case_375,PASS,FAILING_POINTS,0,LARGEST_ERROR,1.55234e-008,SUPPORTED,TRUE,EXCEPTION_MSG,NONE,Time,0
Case_376,PASS,FAILING_POINTS,0,LARGEST_ERROR,1.06411e-008,SUPPORTED,TRUE,EXCEPTION_MSG,NONE,Time,0
Case_377,PASS,FAILING_POINTS,0,LARGEST_ERROR,3.49753e-008,SUPPORTED,TRUE,EXCEPTION_MSG,NONE,Time,0
Case_378,PASS,FAILING_POINTS,0,LARGEST_ERROR,9.92568e-009,SUPPORTED,TRUE,EXCEPTION_MSG,NONE,Time,0
Case_379,PASS,FAILING_POINTS,0,LARGEST_ERROR,1.06411e-008,SUPPORTED,TRUE,EXCEPTION_MSG,NONE,Time,0
Case_380,PASS,FAILING_POINTS,0,LARGEST_ERROR,4.4908e-008,SUPPORTED,TRUE,EXCEPTION_MSG,NONE,Time,0
Case_381,PASS,FAILING_POINTS,0,LARGEST_ERROR,2.16818e-008,SUPPORTED,TRUE,EXCEPTION_MSG,NONE,Time,0
Case_382,PASS,FAILING_POINTS,0,LARGEST_ERROR,3.37939e-008,SUPPORTED,TRUE,EXCEPTION_MSG,NONE,Time,1
Case_383,PASS,FAILING_POINTS,0,LARGEST_ERROR,1.10633e-007,SUPPORTED,TRUE,EXCEPTION_MSG,NONE,Time,0
Case_384,PASS,FAILING_POINTS,0,LARGEST_ERROR,2.27098e-011,SUPPORTED,TRUE,EXCEPTION_MSG,NONE,Time,0
Case_385,PASS,FAILING_POINTS,0,LARGEST_ERROR,1.31939e-010,SUPPORTED,TRUE,EXCEPTION_MSG,NONE,Time,0
Case_386,PASS,FAILING_POINTS,0,LARGEST_ERROR,8.68268e-010,SUPPORTED,TRUE,EXCEPTION_MSG,NONE,Time,0
Case_387,PASS,FAILING_POINTS,0,LARGEST_ERROR,4.14425e-009,SUPPORTED,TRUE,EXCEPTION_MSG,NONE,Time,0
Case_388,PASS,FAILING_POINTS,0,LARGEST_ERROR,4.14425e-009,SUPPORTED,TRUE,EXCEPTION_MSG,NONE,Time,0
Case_389,PASS,FAILING_POINTS,0,LARGEST_ERROR,1.01691e-008,SUPPORTED,TRUE,EXCEPTION_MSG,NONE,Time,0
Case_390,PASS,FAILING_POINTS,0,LARGEST_ERROR,6.48569e-009,SUPPORTED,TRUE,EXCEPTION_MSG,NONE,Time,0
Case_391,PASS,FAILING_POINTS,0,LARGEST_ERROR,7.24546e-012,SUPPORTED,TRUE,EXCEPTION_MSG,NONE,Time,0
Case_392,PASS,FAILING_POINTS,0,LARGEST_ERROR,7.17463e-011,SUPPORTED,TRUE,EXCEPTION_MSG,NONE,Time,0
Case_393,PASS,FAILING_POINTS,0,LARGEST_ERROR,1.54562e-007,SUPPORTED,TRUE,EXCEPTION_MSG,NONE,Time,0
Case_394,PASS,FAILING_POINTS,0,LARGEST_ERROR,1.54562e-007,SUPPORTED,TRUE,EXCEPTION_MSG,NONE,Time,0
Case_395,PASS,FAILING_POINTS,0,LARGEST_ERROR,4.60585e-008,SUPPORTED,TRUE,EXCEPTION_MSG,NONE,Time,0
Case_396,PASS,FAILING_POINTS,0,LARGEST_ERROR,1.66781e-008,SUPPORTED,TRUE,EXCEPTION_MSG,NONE,Time,0
Case_397,PASS,FAILING_POINTS,0,LARGEST_ERROR,5.42986e-008,SUPPORTED,TRUE,EXCEPTION_MSG,NONE,Time,0
Case_398,PASS,FAILING_POINTS,0,LARGEST_ERROR,4.22362e-008,SUPPORTED,TRUE,EXCEPTION_MSG,NONE,Time,0
Case_399,PASS,FAILING_POINTS,0,LARGEST_ERROR,3.63308e-008,SUPPORTED,TRUE,EXCEPTION_MSG,NONE,Time,0
Case_400,PASS,FAILING_POINTS,0,LARGEST_ERROR,6.52097e-008,SUPPORTED,TRUE,EXCEPTION_MSG,NONE,Time,0
Case_401,PASS,FAILING_POINTS,0,LARGEST_ERROR,1.38199e-007,SUPPORTED,TRUE,EXCEPTION_MSG,NONE,Time,0
Case_402,PASS,FAILING_POINTS,0,LARGEST_ERROR,3.63308e-008,SUPPORTED,TRUE,EXCEPTION_MSG,NONE,Time,0
Case_403,PASS,FAILING_POINTS,0,LARGEST_ERROR,6.52097e-008,SUPPORTED,TRUE,EXCEPTION_MSG,NONE,Time,0
Case_404,PASS,FAILING_POINTS,0,LARGEST_ERROR,1.38199e-007,SUPPORTED,TRUE,EXCEPTION_MSG,NONE,Time,0
Case_405,PASS,FAILING_POINTS,0,LARGEST_ERROR,4.60182e-009,SUPPORTED,TRUE,EXCEPTION_MSG,NONE,Time,0
Case_406,PASS,FAILING_POINTS,0,LARGEST_ERROR,4.84583e-008,SUPPORTED,TRUE,EXCEPTION_MSG,NONE,Time,0
Case_407,PASS,FAILING_POINTS,0,LARGEST_ERROR,7.86682e-008,SUPPORTED,TRUE,EXCEPTION_MSG,NONE,Time,0
Case_408,PASS,FAILING_POINTS,0,LARGEST_ERROR,5.18159e-010,SUPPORTED,TRUE,EXCEPTION_MSG,NONE,Time,0
Case_409,PASS,FAILING_POINTS,0,LARGEST_ERROR,8.4708e-007,SUPPORTED,TRUE,EXCEPTION_MSG,NONE,Time,0
Case_410,PASS,FAILING_POINTS,0,LARGEST_ERROR,5.81947e-006,SUPPORTED,TRUE,EXCEPTION_MSG,NONE,Time,0
Case_411,PASS,FAILING_POINTS,0,LARGEST_ERROR,4.03831e-009,SUPPORTED,TRUE,EXCEPTION_MSG,NONE,Time,0
Case_412,PASS,FAILING_POINTS,0,LARGEST_ERROR,4.03831e-009,SUPPORTED,TRUE,EXCEPTION_MSG,NONE,Time,0
Case_413,PASS,FAILING_POINTS,0,LARGEST_ERROR,2.98907e-008,SUPPORTED,TRUE,EXCEPTION_MSG,NONE,Time,0
Case_414,PASS,FAILING_POINTS,0,LARGEST_ERROR,2.62457e-008,SUPPORTED,TRUE,EXCEPTION_MSG,NONE,Time,0
Case_415,PASS,FAILING_POINTS,0,LARGEST_ERROR,1.34837e-007,SUPPORTED,TRUE,EXCEPTION_MSG,NONE,Time,0
Case_416,PASS,FAILING_POINTS,0,LARGEST_ERROR,2.80332e-008,SUPPORTED,TRUE,EXCEPTION_MSG,NONE,Time,0
Case_417,PASS,FAILING_POINTS,0,LARGEST_ERROR,4.10572e-009,SUPPORTED,TRUE,EXCEPTION_MSG,NONE,Time,0
Case_418,PASS,FAILING_POINTS,0,LARGEST_ERROR,4.63608e-009,SUPPORTED,TRUE,EXCEPTION_MSG,NONE,Time,1
Case_419,PASS,FAILING_POINTS,0,LARGEST_ERROR,2.2026e-008,SUPPORTED,TRUE,EXCEPTION_MSG,NONE,Time,0
Case_420,PASS,FAILING_POINTS,0,LARGEST_ERROR,2.90738e-009,SUPPORTED,TRUE,EXCEPTION_MSG,NONE,Time,0
Case_421,PASS,FAILING_POINTS,0,LARGEST_ERROR,4.39587e-009,SUPPORTED,TRUE,EXCEPTION_MSG,NONE,Time,0
Case_422,PASS,FAILING_POINTS,0,LARGEST_ERROR,6.50259e-009,SUPPORTED,TRUE,EXCEPTION_MSG,NONE,Time,0
Case_423,PASS,FAILING_POINTS,0,LARGEST_ERROR,1.30152e-008,SUPPORTED,TRUE,EXCEPTION_MSG,NONE,Time,0
Case_424,PASS,FAILING_POINTS,0,LARGEST_ERROR,7.88068e-009,SUPPORTED,TRUE,EXCEPTION_MSG,NONE,Time,0
Case_425,PASS,FAILING_POINTS,0,LARGEST_ERROR,4.79742e-009,SUPPORTED,TRUE,EXCEPTION_MSG,NONE,Time,0
Case_426,FAIL,FAILING_POINTS,153,LARGEST_ERROR,18,SUPPORTED,TRUE,EXCEPTION_MSG,NONE,Time,0
Case_427,FAIL,FAILING_POINTS,153,LARGEST_ERROR,0.601399,SUPPORTED,TRUE,EXCEPTION_MSG,NONE,Time,0
Case_428,FAIL,FAILING_POINTS,153,LARGEST_ERROR,0.235831,SUPPORTED,TRUE,EXCEPTION_MSG,NONE,Time,0
Case_429,FAIL,FAILING_POINTS,204,LARGEST_ERROR,0.0688083,SUPPORTED,TRUE,EXCEPTION_MSG,NONE,Time,0
Case_430,FAIL,FAILING_POINTS,204,LARGEST_ERROR,0.019556,SUPPORTED,TRUE,EXCEPTION_MSG,NONE,Time,0
Case_431,FAIL,FAILING_POINTS,204,LARGEST_ERROR,0.710548,SUPPORTED,TRUE,EXCEPTION_MSG,NONE,Time,0
Case_432,PASS,FAILING_POINTS,0,LARGEST_ERROR,2.66716e-008,SUPPORTED,TRUE,EXCEPTION_MSG,NONE,Time,0
Case_433,PASS,FAILING_POINTS,0,LARGEST_ERROR,6.82179e-009,SUPPORTED,TRUE,EXCEPTION_MSG,NONE,Time,0
Case_434,PASS,FAILING_POINTS,0,LARGEST_ERROR,9.7685e-009,SUPPORTED,TRUE,EXCEPTION_MSG,NONE,Time,0
Case_435,PASS,FAILING_POINTS,0,LARGEST_ERROR,1.69771e-008,SUPPORTED,TRUE,EXCEPTION_MSG,NONE,Time,0
Case_436,PASS,FAILING_POINTS,0,LARGEST_ERROR,5.4558e-009,SUPPORTED,TRUE,EXCEPTION_MSG,NONE,Time,0
Case_437,PASS,FAILING_POINTS,0,LARGEST_ERROR,4.41932e-008,SUPPORTED,TRUE,EXCEPTION_MSG,NONE,Time,0
Case_438,PASS,FAILING_POINTS,0,LARGEST_ERROR,5.05093e-008,SUPPORTED,TRUE,EXCEPTION_MSG,NONE,Time,0
Case_439,PASS,FAILING_POINTS,0,LARGEST_ERROR,9.70085e-008,SUPPORTED,TRUE,EXCEPTION_MSG,NONE,Time,0
Case_440,PASS,FAILING_POINTS,0,LARGEST_ERROR,4.95615e-008,SUPPORTED,TRUE,EXCEPTION_MSG,NONE,Time,0
Case_441,PASS,FAILING_POINTS,0,LARGEST_ERROR,3.71289e-009,SUPPORTED,TRUE,EXCEPTION_MSG,NONE,Time,0
Case_442,PASS,FAILING_POINTS,0,LARGEST_ERROR,7.48159e-011,SUPPORTED,TRUE,EXCEPTION_MSG,NONE,Time,0
Case_443,PASS,FAILING_POINTS,0,LARGEST_ERROR,1.03264e-010,SUPPORTED,TRUE,EXCEPTION_MSG,NONE,Time,0
Case_444,PASS,FAILING_POINTS,0,LARGEST_ERROR,3.59319e-008,SUPPORTED,TRUE,EXCEPTION_MSG,NONE,Time,0
Case_445,PASS,FAILING_POINTS,0,LARGEST_ERROR,1.22401e-008,SUPPORTED,TRUE,EXCEPTION_MSG,NONE,Time,0
Case_446,PASS,FAILING_POINTS,0,LARGEST_ERROR,1.26362e-008,SUPPORTED,TRUE,EXCEPTION_MSG,NONE,Time,0
Case_447,PASS,FAILING_POINTS,0,LARGEST_ERROR,1.31372e-009,SUPPORTED,TRUE,EXCEPTION_MSG,NONE,Time,0
Case_448,PASS,FAILING_POINTS,0,LARGEST_ERROR,1.32106e-008,SUPPORTED,TRUE,EXCEPTION_MSG,NONE,Time,0
Case_449,PASS,FAILING_POINTS,0,LARGEST_ERROR,1.2342e-011,SUPPORTED,TRUE,EXCEPTION_MSG,NONE,Time,0
Case_450,PASS,FAILING_POINTS,0,LARGEST_ERROR,3.36439e-007,SUPPORTED,TRUE,EXCEPTION_MSG,NONE,Time,0
Case_451,PASS,FAILING_POINTS,0,LARGEST_ERROR,2.07631e-007,SUPPORTED,TRUE,EXCEPTION_MSG,NONE,Time,0
Case_452,PASS,FAILING_POINTS,0,LARGEST_ERROR,1.14246e-007,SUPPORTED,TRUE,EXCEPTION_MSG,NONE,Time,0
Case_453,PASS,FAILING_POINTS,0,LARGEST_ERROR,5.6314e-009,SUPPORTED,TRUE,EXCEPTION_MSG,NONE,Time,0
Case_454,PASS,FAILING_POINTS,0,LARGEST_ERROR,2.82159e-008,SUPPORTED,TRUE,EXCEPTION_MSG,NONE,Time,0
Case_455,PASS,FAILING_POINTS,0,LARGEST_ERROR,6.14371e-008,SUPPORTED,TRUE,EXCEPTION_MSG,NONE,Time,0
Case_456,PASS,FAILING_POINTS,0,LARGEST_ERROR,0.000742783,SUPPORTED,TRUE,EXCEPTION_MSG,NONE,Time,0
Case_457,PASS,FAILING_POINTS,0,LARGEST_ERROR,1.6872e-005,SUPPORTED,TRUE,EXCEPTION_MSG,NONE,Time,0
Case_458,PASS,FAILING_POINTS,0,LARGEST_ERROR,3.22091e-005,SUPPORTED,TRUE,EXCEPTION_MSG,NONE,Time,0
Case_459,PASS,FAILING_POINTS,0,LARGEST_ERROR,0.000742783,SUPPORTED,TRUE,EXCEPTION_MSG,NONE,Time,0
Case_460,PASS,FAILING_POINTS,0,LARGEST_ERROR,1.6872e-005,SUPPORTED,TRUE,EXCEPTION_MSG,NONE,Time,0
Case_461,PASS,FAILING_POINTS,0,LARGEST_ERROR,3.22091e-005,SUPPORTED,TRUE,EXCEPTION_MSG,NONE,Time,0
Case_462,PASS,FAILING_POINTS,0,LARGEST_ERROR,8.60325e-012,SUPPORTED,TRUE,EXCEPTION_MSG,NONE,Time,0
Case_463,PASS,FAILING_POINTS,0,LARGEST_ERROR,5.37452e-009,SUPPORTED,TRUE,EXCEPTION_MSG,NONE,Time,0
Case_464,PASS,FAILING_POINTS,0,LARGEST_ERROR,8.88178e-016,SUPPORTED,TRUE,EXCEPTION_MSG,NONE,Time,0
Case_465,PASS,FAILING_POINTS,0,LARGEST_ERROR,1.19773e-010,SUPPORTED,TRUE,EXCEPTION_MSG,NONE,Time,0
Case_466,PASS,FAILING_POINTS,0,LARGEST_ERROR,5.99114e-012,SUPPORTED,TRUE,EXCEPTION_MSG,NONE,Time,0
Case_467,PASS,FAILING_POINTS,0,LARGEST_ERROR,3.02544e-010,SUPPORTED,TRUE,EXCEPTION_MSG,NONE,Time,0
Case_468,PASS,FAILING_POINTS,0,LARGEST_ERROR,1.82281e-011,SUPPORTED,TRUE,EXCEPTION_MSG,NONE,Time,0
Case_469,PASS,FAILING_POINTS,0,LARGEST_ERROR,4.99864e-006,SUPPORTED,TRUE,EXCEPTION_MSG,NONE,Time,0
Case_470,PASS,FAILING_POINTS,0,LARGEST_ERROR,4.99864e-006,SUPPORTED,TRUE,EXCEPTION_MSG,NONE,Time,0
Case_471,PASS,FAILING_POINTS,0,LARGEST_ERROR,4.99864e-006,SUPPORTED,TRUE,EXCEPTION_MSG,NONE,Time,0
Case_472,PASS,FAILING_POINTS,0,LARGEST_ERROR,4.99864e-006,SUPPORTED,TRUE,EXCEPTION_MSG,NONE,Time,0
Case_473,PASS,FAILING_POINTS,0,LARGEST_ERROR,4.99864e-006,SUPPORTED,TRUE,EXCEPTION_MSG,NONE,Time,0
Case_474,PASS,FAILING_POINTS,0,LARGEST_ERROR,1.32239e-010,SUPPORTED,TRUE,EXCEPTION_MSG,NONE,Time,0
Case_475,PASS,FAILING_POINTS,0,LARGEST_ERROR,1.30243e-011,SUPPORTED,TRUE,EXCEPTION_MSG,NONE,Time,0
Case_476,PASS,FAILING_POINTS,0,LARGEST_ERROR,7.68467e-010,SUPPORTED,TRUE,EXCEPTION_MSG,NONE,Time,0
Case_477,PASS,FAILING_POINTS,0,LARGEST_ERROR,3.48887e-011,SUPPORTED,TRUE,EXCEPTION_MSG,NONE,Time,0
Case_478,PASS,FAILING_POINTS,0,LARGEST_ERROR,1.19773e-010,SUPPORTED,TRUE,EXCEPTION_MSG,NONE,Time,0
Case_479,PASS,FAILING_POINTS,0,LARGEST_ERROR,1.23226e-011,SUPPORTED,TRUE,EXCEPTION_MSG,NONE,Time,0
Case_480,PASS,FAILING_POINTS,0,LARGEST_ERROR,7.92339e-010,SUPPORTED,TRUE,EXCEPTION_MSG,NONE,Time,0
Case_481,PASS,FAILING_POINTS,0,LARGEST_ERROR,3.48887e-011,SUPPORTED,TRUE,EXCEPTION_MSG,NONE,Time,0
Case_482,PASS,FAILING_POINTS,0,LARGEST_ERROR,1.19773e-010,SUPPORTED,TRUE,EXCEPTION_MSG,NONE,Time,0
Case_483,PASS,FAILING_POINTS,0,LARGEST_ERROR,6.8644e-012,SUPPORTED,TRUE,EXCEPTION_MSG,NONE,Time,0
Case_484,PASS,FAILING_POINTS,0,LARGEST_ERROR,7.41497e-010,SUPPORTED,TRUE,EXCEPTION_MSG,NONE,Time,0
Case_485,PASS,FAILING_POINTS,0,LARGEST_ERROR,2.98847e-011,SUPPORTED,TRUE,EXCEPTION_MSG,NONE,Time,0
Case_486,PASS,FAILING_POINTS,0,LARGEST_ERROR,3.94803e-009,SUPPORTED,TRUE,EXCEPTION_MSG,NONE,Time,0
Case_487,PASS,FAILING_POINTS,0,LARGEST_ERROR,3.94803e-009,SUPPORTED,TRUE,EXCEPTION_MSG,NONE,Time,0
Case_488,PASS,FAILING_POINTS,0,LARGEST_ERROR,3.94803e-009,SUPPORTED,TRUE,EXCEPTION_MSG,NONE,Time,0
Case_489,PASS,FAILING_POINTS,0,LARGEST_ERROR,1.32239e-010,SUPPORTED,TRUE,EXCEPTION_MSG,NONE,Time,0
Case_490,PASS,FAILING_POINTS,0,LARGEST_ERROR,1.30243e-011,SUPPORTED,TRUE,EXCEPTION_MSG,NONE,Time,0
Case_491,PASS,FAILING_POINTS,0,LARGEST_ERROR,7.68467e-010,SUPPORTED,TRUE,EXCEPTION_MSG,NONE,Time,0
Case_492,FAIL,FAILING_POINTS,102,LARGEST_ERROR,1.74834,SUPPORTED,TRUE,EXCEPTION_MSG,NONE,Time,0
Case_493,FAIL,FAILING_POINTS,102,LARGEST_ERROR,1.7057,SUPPORTED,TRUE,EXCEPTION_MSG,NONE,Time,0
Case_494,FAIL,FAILING_POINTS,102,LARGEST_ERROR,1.74834,SUPPORTED,TRUE,EXCEPTION_MSG,NONE,Time,0
Case_495,FAIL,FAILING_POINTS,153,LARGEST_ERROR,0.000299452,SUPPORTED,TRUE,EXCEPTION_MSG,NONE,Time,0
Case_496,FAIL,FAILING_POINTS,153,LARGEST_ERROR,0.0271917,SUPPORTED,TRUE,EXCEPTION_MSG,NONE,Time,0
Case_497,FAIL,FAILING_POINTS,153,LARGEST_ERROR,0.00296348,SUPPORTED,TRUE,EXCEPTION_MSG,NONE,Time,0
Case_498,PASS,FAILING_POINTS,0,LARGEST_ERROR,5.68434e-014,SUPPORTED,TRUE,EXCEPTION_MSG,NONE,Time,0
Case_499,PASS,FAILING_POINTS,0,LARGEST_ERROR,5.68434e-014,SUPPORTED,TRUE,EXCEPTION_MSG,NONE,Time,0
Case_500,PASS,FAILING_POINTS,0,LARGEST_ERROR,5.68434e-014,SUPPORTED,TRUE,EXCEPTION_MSG,NONE,Time,0
Case_501,PASS,FAILING_POINTS,0,LARGEST_ERROR,8.22135e-011,SUPPORTED,TRUE,EXCEPTION_MSG,NONE,Time,0
Case_502,PASS,FAILING_POINTS,0,LARGEST_ERROR,7.07521e-010,SUPPORTED,TRUE,EXCEPTION_MSG,NONE,Time,0
Case_503,PASS,FAILING_POINTS,0,LARGEST_ERROR,8.23223e-012,SUPPORTED,TRUE,EXCEPTION_MSG,NONE,Time,0
Case_504,PASS,FAILING_POINTS,0,LARGEST_ERROR,2.14073e-009,SUPPORTED,TRUE,EXCEPTION_MSG,NONE,Time,0
Case_505,PASS,FAILING_POINTS,0,LARGEST_ERROR,2.43923e-011,SUPPORTED,TRUE,EXCEPTION_MSG,NONE,Time,0
Case_506,PASS,FAILING_POINTS,0,LARGEST_ERROR,2.35843e-010,SUPPORTED,TRUE,EXCEPTION_MSG,NONE,Time,0
Case_507,PASS,FAILING_POINTS,0,LARGEST_ERROR,9.12194e-008,SUPPORTED,TRUE,EXCEPTION_MSG,NONE,Time,0
Case_508,PASS,FAILING_POINTS,0,LARGEST_ERROR,9.12194e-008,SUPPORTED,TRUE,EXCEPTION_MSG,NONE,Time,0
Case_509,PASS,FAILING_POINTS,0,LARGEST_ERROR,9.12194e-008,SUPPORTED,TRUE,EXCEPTION_MSG,NONE,Time,0
Case_510,PASS,FAILING_POINTS,0,LARGEST_ERROR,4.95897e-006,SUPPORTED,TRUE,EXCEPTION_MSG,NONE,Time,0
Case_511,PASS,FAILING_POINTS,0,LARGEST_ERROR,4.95897e-006,SUPPORTED,TRUE,EXCEPTION_MSG,NONE,Time,0
Case_512,PASS,FAILING_POINTS,0,LARGEST_ERROR,4.95897e-006,SUPPORTED,TRUE,EXCEPTION_MSG,NONE,Time,0
Case_513,PASS,FAILING_POINTS,0,LARGEST_ERROR,6.12298e-012,SUPPORTED,TRUE,EXCEPTION_MSG,NONE,Time,0
Case_514,PASS,FAILING_POINTS,0,LARGEST_ERROR,8.9389e-010,SUPPORTED,TRUE,EXCEPTION_MSG,NONE,Time,0
Case_515,PASS,FAILING_POINTS,0,LARGEST_ERROR,2.10867e-011,SUPPORTED,TRUE,EXCEPTION_MSG,NONE,Time,0
Case_516,PASS,FAILING_POINTS,0,LARGEST_ERROR,4.95897e-006,SUPPORTED,TRUE,EXCEPTION_MSG,NONE,Time,1
Case_517,PASS,FAILING_POINTS,0,LARGEST_ERROR,4.95897e-006,SUPPORTED,TRUE,EXCEPTION_MSG,NONE,Time,0
Case_518,PASS,FAILING_POINTS,0,LARGEST_ERROR,4.95897e-006,SUPPORTED,TRUE,EXCEPTION_MSG,NONE,Time,0
Case_519,PASS,FAILING_POINTS,0,LARGEST_ERROR,2.42067e-010,SUPPORTED,TRUE,EXCEPTION_MSG,NONE,Time,0
Case_520,PASS,FAILING_POINTS,0,LARGEST_ERROR,4.39446e-012,SUPPORTED,TRUE,EXCEPTION_MSG,NONE,Time,0
Case_521,PASS,FAILING_POINTS,0,LARGEST_ERROR,1.38778e-009,SUPPORTED,TRUE,EXCEPTION_MSG,NONE,Time,0
Case_522,PASS,FAILING_POINTS,0,LARGEST_ERROR,2.93775e-011,SUPPORTED,TRUE,EXCEPTION_MSG,NONE,Time,0
Case_523,PASS,FAILING_POINTS,0,LARGEST_ERROR,1.32239e-010,SUPPORTED,TRUE,EXCEPTION_MSG,NONE,Time,0
Case_524,PASS,FAILING_POINTS,0,LARGEST_ERROR,1.30243e-011,SUPPORTED,TRUE,EXCEPTION_MSG,NONE,Time,0
Case_525,PASS,FAILING_POINTS,0,LARGEST_ERROR,1.95007e-008,SUPPORTED,TRUE,EXCEPTION_MSG,NONE,Time,0
Case_526,PASS,FAILING_POINTS,0,LARGEST_ERROR,1.95007e-008,SUPPORTED,TRUE,EXCEPTION_MSG,NONE,Time,0
Case_527,PASS,FAILING_POINTS,0,LARGEST_ERROR,1.95007e-008,SUPPORTED,TRUE,EXCEPTION_MSG,NONE,Time,0
Case_528,PASS,FAILING_POINTS,0,LARGEST_ERROR,1.95007e-008,SUPPORTED,TRUE,EXCEPTION_MSG,NONE,Time,0
Case_529,PASS,FAILING_POINTS,0,LARGEST_ERROR,2.48434e-011,SUPPORTED,TRUE,EXCEPTION_MSG,NONE,Time,0
Case_530,PASS,FAILING_POINTS,0,LARGEST_ERROR,4.99864e-006,SUPPORTED,TRUE,EXCEPTION_MSG,NONE,Time,0
Case_531,FAIL,FAILING_POINTS,0,LARGEST_ERROR,1,SUPPORTED,FALSE,EXCEPTION_MSG,NOT_SUPPORTED,Time,0
Case_532,PASS,FAILING_POINTS,0,LARGEST_ERROR,4.57401e-011,SUPPORTED,TRUE,EXCEPTION_MSG,NONE,Time,0
Case_533,FAIL,FAILING_POINTS,0,LARGEST_ERROR,1,SUPPORTED,FALSE,EXCEPTION_MSG,NOT_SUPPORTED,Time,0
Case_534,FAIL,FAILING_POINTS,0,LARGEST_ERROR,1,SUPPORTED,FALSE,EXCEPTION_MSG,NOT_SUPPORTED,Time,0
Case_535,FAIL,FAILING_POINTS,0,LARGEST_ERROR,1,SUPPORTED,FALSE,EXCEPTION_MSG,NOT_SUPPORTED,Time,0
Case_536,FAIL,FAILING_POINTS,0,LARGEST_ERROR,1,SUPPORTED,FALSE,EXCEPTION_MSG,NOT_SUPPORTED,Time,0
Case_537,FAIL,FAILING_POINTS,0,LARGEST_ERROR,1,SUPPORTED,FALSE,EXCEPTION_MSG,NOT_SUPPORTED,Time,0
Case_538,FAIL,FAILING_POINTS,0,LARGEST_ERROR,1,SUPPORTED,FALSE,EXCEPTION_MSG,NOT_SUPPORTED,Time,0
Case_539,PASS,FAILING_POINTS,0,LARGEST_ERROR,2.94445e-008,SUPPORTED,TRUE,EXCEPTION_MSG,NONE,Time,0
Case_540,PASS,FAILING_POINTS,0,LARGEST_ERROR,1.07513e-011,SUPPORTED,TRUE,EXCEPTION_MSG,NONE,Time,0
Case_541,PASS,FAILING_POINTS,0,LARGEST_ERROR,2.97727e-008,SUPPORTED,TRUE,EXCEPTION_MSG,NONE,Time,0
Case_542,PASS,FAILING_POINTS,0,LARGEST_ERROR,3.09512e-008,SUPPORTED,TRUE,EXCEPTION_MSG,NONE,Time,0
Case_543,FAIL,FAILING_POINTS,0,LARGEST_ERROR,1,SUPPORTED,FALSE,EXCEPTION_MSG,NOT_SUPPORTED,Time,0
Case_544,PASS,FAILING_POINTS,0,LARGEST_ERROR,2.06724e-011,SUPPORTED,TRUE,EXCEPTION_MSG,NONE,Time,0
Case_545,PASS,FAILING_POINTS,0,LARGEST_ERROR,8.68511e-012,SUPPORTED,TRUE,EXCEPTION_MSG,NONE,Time,0
Case_546,FAIL,FAILING_POINTS,0,LARGEST_ERROR,1,SUPPORTED,FALSE,EXCEPTION_MSG,NOT_SUPPORTED,Time,0
Case_547,PASS,FAILING_POINTS,0,LARGEST_ERROR,2.08237e-008,SUPPORTED,TRUE,EXCEPTION_MSG,NONE,Time,0
Case_548,FAIL,FAILING_POINTS,0,LARGEST_ERROR,1,SUPPORTED,FALSE,EXCEPTION_MSG,NOT_SUPPORTED,Time,0
Case_549,FAIL,FAILING_POINTS,0,LARGEST_ERROR,1,SUPPORTED,FALSE,EXCEPTION_MSG,NOT_SUPPORTED,Time,0
Case_550,FAIL,FAILING_POINTS,0,LARGEST_ERROR,1,SUPPORTED,FALSE,EXCEPTION_MSG,NOT_SUPPORTED,Time,0
Case_551,FAIL,FAILING_POINTS,0,LARGEST_ERROR,1,SUPPORTED,FALSE,EXCEPTION_MSG,NOT_SUPPORTED,Time,0
Case_552,FAIL,FAILING_POINTS,0,LARGEST_ERROR,1,SUPPORTED,FALSE,EXCEPTION_MSG,NOT_SUPPORTED,Time,0
Case_553,FAIL,FAILING_POINTS,0,LARGEST_ERROR,1,SUPPORTED,FALSE,EXCEPTION_MSG,NOT_SUPPORTED,Time,0
Case_554,FAIL,FAILING_POINTS,0,LARGEST_ERROR,1,SUPPORTED,FALSE,EXCEPTION_MSG,NOT_SUPPORTED,Time,0
Case_555,FAIL,FAILING_POINTS,0,LARGEST_ERROR,1,SUPPORTED,FALSE,EXCEPTION_MSG,NOT_SUPPORTED,Time,0
Case_556,FAIL,FAILING_POINTS,0,LARGEST_ERROR,1,SUPPORTED,FALSE,EXCEPTION_MSG,NOT_SUPPORTED,Time,0
Case_557,FAIL,FAILING_POINTS,0,LARGEST_ERROR,1,SUPPORTED,FALSE,EXCEPTION_MSG,NOT_SUPPORTED,Time,0
Case_558,FAIL,FAILING_POINTS,0,LARGEST_ERROR,1,SUPPORTED,FALSE,EXCEPTION_MSG,NOT_SUPPORTED,Time,0
Case_559,FAIL,FAILING_POINTS,0,LARGEST_ERROR,1,SUPPORTED,FALSE,EXCEPTION_MSG,NOT_SUPPORTED,Time,0
Case_560,FAIL,FAILING_POINTS,0,LARGEST_ERROR,1,SUPPORTED,FALSE,EXCEPTION_MSG,NOT_SUPPORTED,Time,0
Case_561,FAIL,FAILING_POINTS,0,LARGEST_ERROR,1,SUPPORTED,FALSE,EXCEPTION_MSG,NOT_SUPPORTED,Time,0
Case_562,FAIL,FAILING_POINTS,0,LARGEST_ERROR,1,SUPPORTED,FALSE,EXCEPTION_MSG,NOT_SUPPORTED,Time,0
Case_563,FAIL,FAILING_POINTS,0,LARGEST_ERROR,1,SUPPORTED,FALSE,EXCEPTION_MSG,NOT_SUPPORTED,Time,0
Case_564,FAIL,FAILING_POINTS,0,LARGEST_ERROR,1,SUPPORTED,FALSE,EXCEPTION_MSG,NOT_SUPPORTED,Time,0
Case_565,FAIL,FAILING_POINTS,0,LARGEST_ERROR,1,SUPPORTED,FALSE,EXCEPTION_MSG,NOT_SUPPORTED,Time,0
Case_566,FAIL,FAILING_POINTS,0,LARGEST_ERROR,1,SUPPORTED,FALSE,EXCEPTION_MSG,NOT_SUPPORTED,Time,0
Case_567,FAIL,FAILING_POINTS,0,LARGEST_ERROR,1,SUPPORTED,FALSE,EXCEPTION_MSG,NOT_SUPPORTED,Time,0
Case_568,PASS,FAILING_POINTS,0,LARGEST_ERROR,4.57401e-011,SUPPORTED,TRUE,EXCEPTION_MSG,NONE,Time,0
Case_569,FAIL,FAILING_POINTS,0,LARGEST_ERROR,1,SUPPORTED,FALSE,EXCEPTION_MSG,NOT_SUPPORTED,Time,0
Case_570,FAIL,FAILING_POINTS,0,LARGEST_ERROR,1,SUPPORTED,FALSE,EXCEPTION_MSG,NOT_SUPPORTED,Time,0
Case_571,FAIL,FAILING_POINTS,0,LARGEST_ERROR,1,SUPPORTED,FALSE,EXCEPTION_MSG,NOT_SUPPORTED,Time,0
Case_572,PASS,FAILING_POINTS,0,LARGEST_ERROR,4.57401e-011,SUPPORTED,TRUE,EXCEPTION_MSG,NONE,Time,0
Case_573,FAIL,FAILING_POINTS,0,LARGEST_ERROR,1,SUPPORTED,FALSE,EXCEPTION_MSG,NOT_SUPPORTED,Time,0
Case_574,PASS,FAILING_POINTS,0,LARGEST_ERROR,3.53708e-011,SUPPORTED,TRUE,EXCEPTION_MSG,NONE,Time,0
Case_575,FAIL,FAILING_POINTS,0,LARGEST_ERROR,1,SUPPORTED,FALSE,EXCEPTION_MSG,NOT_SUPPORTED,Time,0
Case_576,FAIL,FAILING_POINTS,0,LARGEST_ERROR,1,SUPPORTED,FALSE,EXCEPTION_MSG,NOT_SUPPORTED,Time,0
Case_577,PASS,FAILING_POINTS,0,LARGEST_ERROR,1.89366e-009,SUPPORTED,TRUE,EXCEPTION_MSG,NONE,Time,0
Case_578,PASS,FAILING_POINTS,0,LARGEST_ERROR,8.61178e-010,SUPPORTED,TRUE,EXCEPTION_MSG,NONE,Time,0
Case_579,PASS,FAILING_POINTS,0,LARGEST_ERROR,8.88178e-016,SUPPORTED,TRUE,EXCEPTION_MSG,NONE,Time,0
Case_580,PASS,FAILING_POINTS,0,LARGEST_ERROR,2.13236e-011,SUPPORTED,TRUE,EXCEPTION_MSG,NONE,Time,0
Case_581,PASS,FAILING_POINTS,0,LARGEST_ERROR,5.50447e-010,SUPPORTED,TRUE,EXCEPTION_MSG,NONE,Time,0
Case_582,PASS,FAILING_POINTS,0,LARGEST_ERROR,2.93826e-011,SUPPORTED,TRUE,EXCEPTION_MSG,NONE,Time,0
Case_583,PASS,FAILING_POINTS,0,LARGEST_ERROR,2.89986e-011,SUPPORTED,TRUE,EXCEPTION_MSG,NONE,Time,0
Case_584,PASS,FAILING_POINTS,0,LARGEST_ERROR,7.81935e-012,SUPPORTED,TRUE,EXCEPTION_MSG,NONE,Time,0
Case_585,PASS,FAILING_POINTS,0,LARGEST_ERROR,1.70083e-011,SUPPORTED,TRUE,EXCEPTION_MSG,NONE,Time,0
Case_586,PASS,FAILING_POINTS,0,LARGEST_ERROR,3.78591e-008,SUPPORTED,TRUE,EXCEPTION_MSG,NONE,Time,0
Case_587,PASS,FAILING_POINTS,0,LARGEST_ERROR,1.63106e-011,SUPPORTED,TRUE,EXCEPTION_MSG,NONE,Time,0
Case_588,PASS,FAILING_POINTS,0,LARGEST_ERROR,9.48494e-009,SUPPORTED,TRUE,EXCEPTION_MSG,NONE,Time,0
Case_589,PASS,FAILING_POINTS,0,LARGEST_ERROR,3.25581e-010,SUPPORTED,TRUE,EXCEPTION_MSG,NONE,Time,0
Case_590,PASS,FAILING_POINTS,0,LARGEST_ERROR,1.23226e-011,SUPPORTED,TRUE,EXCEPTION_MSG,NONE,Time,0
Case_591,PASS,FAILING_POINTS,0,LARGEST_ERROR,7.61168e-012,SUPPORTED,TRUE,EXCEPTION_MSG,NONE,Time,0
Case_592,PASS,FAILING_POINTS,0,LARGEST_ERROR,2.71279e-009,SUPPORTED,TRUE,EXCEPTION_MSG,NONE,Time,0
Case_593,PASS,FAILING_POINTS,0,LARGEST_ERROR,1.2754e-010,SUPPORTED,TRUE,EXCEPTION_MSG,NONE,Time,0
Case_594,PASS,FAILING_POINTS,0,LARGEST_ERROR,5.99114e-012,SUPPORTED,TRUE,EXCEPTION_MSG,NONE,Time,0
Case_595,PASS,FAILING_POINTS,0,LARGEST_ERROR,1.09975e-011,SUPPORTED,TRUE,EXCEPTION_MSG,NONE,Time,0
Case_596,PASS,FAILING_POINTS,0,LARGEST_ERROR,1.72533e-011,SUPPORTED,TRUE,EXCEPTION_MSG,NONE,Time,0
Case_597,PASS,FAILING_POINTS,0,LARGEST_ERROR,1.00962e-009,SUPPORTED,TRUE,EXCEPTION_MSG,NONE,Time,0
Case_598,PASS,FAILING_POINTS,0,LARGEST_ERROR,4.8965e-006,SUPPORTED,TRUE,EXCEPTION_MSG,NONE,Time,0
Case_599,PASS,FAILING_POINTS,0,LARGEST_ERROR,4.41286e-009,SUPPORTED,TRUE,EXCEPTION_MSG,NONE,Time,0
Case_600,PASS,FAILING_POINTS,0,LARGEST_ERROR,5.93421e-012,SUPPORTED,TRUE,EXCEPTION_MSG,NONE,Time,0
Case_601,PASS,FAILING_POINTS,0,LARGEST_ERROR,4.8866e-006,SUPPORTED,TRUE,EXCEPTION_MSG,NONE,Time,0
Case_602,PASS,FAILING_POINTS,0,LARGEST_ERROR,5.2737e-011,SUPPORTED,TRUE,EXCEPTION_MSG,NONE,Time,0
Case_603,PASS,FAILING_POINTS,0,LARGEST_ERROR,9.48494e-009,SUPPORTED,TRUE,EXCEPTION_MSG,NONE,Time,0
Case_604,PASS,FAILING_POINTS,0,LARGEST_ERROR,3.01698e-011,SUPPORTED,TRUE,EXCEPTION_MSG,NONE,Time,0
Case_605,PASS,FAILING_POINTS,0,LARGEST_ERROR,1.03577e-009,SUPPORTED,TRUE,EXCEPTION_MSG,NONE,Time,0
Case_606,PASS,FAILING_POINTS,0,LARGEST_ERROR,9.92751e-012,SUPPORTED,TRUE,EXCEPTION_MSG,NONE,Time,0
Case_607,PASS,FAILING_POINTS,0,LARGEST_ERROR,7.44338e-011,SUPPORTED,TRUE,EXCEPTION_MSG,NONE,Time,0
Case_608,PASS,FAILING_POINTS,0,LARGEST_ERROR,2.36119e-008,SUPPORTED,TRUE,EXCEPTION_MSG,NONE,Time,1
Case_609,PASS,FAILING_POINTS,0,LARGEST_ERROR,2.75421e-011,SUPPORTED,TRUE,EXCEPTION_MSG,NONE,Time,0
Case_610,PASS,FAILING_POINTS,0,LARGEST_ERROR,9.64427e-012,SUPPORTED,TRUE,EXCEPTION_MSG,NONE,Time,0
Case_611,PASS,FAILING_POINTS,0,LARGEST_ERROR,2.12786e-008,SUPPORTED,TRUE,EXCEPTION_MSG,NONE,Time,0
Case_612,PASS,FAILING_POINTS,0,LARGEST_ERROR,8.886e-012,SUPPORTED,TRUE,EXCEPTION_MSG,NONE,Time,0
Case_613,FAIL,FAILING_POINTS,0,LARGEST_ERROR,1,SUPPORTED,FALSE,EXCEPTION_MSG,NOT_SUPPORTED,Time,0
Case_614,FAIL,FAILING_POINTS,0,LARGEST_ERROR,1,SUPPORTED,FALSE,EXCEPTION_MSG,NOT_SUPPORTED,Time,0
Case_615,FAIL,FAILING_POINTS,0,LARGEST_ERROR,1,SUPPORTED,FALSE,EXCEPTION_MSG,NOT_SUPPORTED,Time,0
Case_616,PASS,FAILING_POINTS,0,LARGEST_ERROR,2.5e-007,SUPPORTED,TRUE,EXCEPTION_MSG,NONE,Time,0
Case_617,PASS,FAILING_POINTS,0,LARGEST_ERROR,2.5e-007,SUPPORTED,TRUE,EXCEPTION_MSG,NONE,Time,0
Case_618,PASS,FAILING_POINTS,0,LARGEST_ERROR,2.50003e-007,SUPPORTED,TRUE,EXCEPTION_MSG,NONE,Time,0
Case_619,PASS,FAILING_POINTS,0,LARGEST_ERROR,2.80171e-008,SUPPORTED,TRUE,EXCEPTION_MSG,NONE,Time,0
Case_620,PASS,FAILING_POINTS,0,LARGEST_ERROR,6.43812e-008,SUPPORTED,TRUE,EXCEPTION_MSG,NONE,Time,0
Case_621,PASS,FAILING_POINTS,0,LARGEST_ERROR,6.52759e-008,SUPPORTED,TRUE,EXCEPTION_MSG,NONE,Time,0
Case_622,PASS,FAILING_POINTS,0,LARGEST_ERROR,1.62772e-008,SUPPORTED,TRUE,EXCEPTION_MSG,NONE,Time,0
Case_623,PASS,FAILING_POINTS,0,LARGEST_ERROR,6.39757e-008,SUPPORTED,TRUE,EXCEPTION_MSG,NONE,Time,0
Case_624,PASS,FAILING_POINTS,0,LARGEST_ERROR,6.26042e-008,SUPPORTED,TRUE,EXCEPTION_MSG,NONE,Time,0
Case_625,PASS,FAILING_POINTS,0,LARGEST_ERROR,1.10523e-011,SUPPORTED,TRUE,EXCEPTION_MSG,NONE,Time,0
Case_626,PASS,FAILING_POINTS,0,LARGEST_ERROR,8.10341e-012,SUPPORTED,TRUE,EXCEPTION_MSG,NONE,Time,0
Case_627,PASS,FAILING_POINTS,0,LARGEST_ERROR,1.10523e-011,SUPPORTED,TRUE,EXCEPTION_MSG,NONE,Time,0
Case_628,FAIL,FAILING_POINTS,0,LARGEST_ERROR,1,SUPPORTED,FALSE,EXCEPTION_MSG,NOT_SUPPORTED,Time,0
Case_629,FAIL,FAILING_POINTS,0,LARGEST_ERROR,1,SUPPORTED,FALSE,EXCEPTION_MSG,NOT_SUPPORTED,Time,0
Case_630,FAIL,FAILING_POINTS,0,LARGEST_ERROR,1,SUPPORTED,FALSE,EXCEPTION_MSG,NOT_SUPPORTED,Time,0
Case_631,PASS,FAILING_POINTS,0,LARGEST_ERROR,2.5e-007,SUPPORTED,TRUE,EXCEPTION_MSG,NONE,Time,0
Case_632,PASS,FAILING_POINTS,0,LARGEST_ERROR,2.5e-007,SUPPORTED,TRUE,EXCEPTION_MSG,NONE,Time,0
Case_633,PASS,FAILING_POINTS,0,LARGEST_ERROR,2.50003e-007,SUPPORTED,TRUE,EXCEPTION_MSG,NONE,Time,0
Case_634,PASS,FAILING_POINTS,0,LARGEST_ERROR,2.80171e-008,SUPPORTED,TRUE,EXCEPTION_MSG,NONE,Time,0
Case_635,PASS,FAILING_POINTS,0,LARGEST_ERROR,2.80171e-008,SUPPORTED,TRUE,EXCEPTION_MSG,NONE,Time,0
Case_636,PASS,FAILING_POINTS,0,LARGEST_ERROR,6.52759e-008,SUPPORTED,TRUE,EXCEPTION_MSG,NONE,Time,0
Case_637,PASS,FAILING_POINTS,0,LARGEST_ERROR,1.62772e-008,SUPPORTED,TRUE,EXCEPTION_MSG,NONE,Time,0
Case_638,PASS,FAILING_POINTS,0,LARGEST_ERROR,6.39757e-008,SUPPORTED,TRUE,EXCEPTION_MSG,NONE,Time,0
Case_639,PASS,FAILING_POINTS,0,LARGEST_ERROR,6.26042e-008,SUPPORTED,TRUE,EXCEPTION_MSG,NONE,Time,0
Case_640,PASS,FAILING_POINTS,0,LARGEST_ERROR,4.88976e-006,SUPPORTED,TRUE,EXCEPTION_MSG,NONE,Time,0
Case_641,PASS,FAILING_POINTS,0,LARGEST_ERROR,4.94198e-006,SUPPORTED,TRUE,EXCEPTION_MSG,NONE,Time,0
Case_642,PASS,FAILING_POINTS,0,LARGEST_ERROR,4.88981e-006,SUPPORTED,TRUE,EXCEPTION_MSG,NONE,Time,0
Case_643,PASS,FAILING_POINTS,0,LARGEST_ERROR,1.10523e-011,SUPPORTED,TRUE,EXCEPTION_MSG,NONE,Time,0
Case_644,PASS,FAILING_POINTS,0,LARGEST_ERROR,8.10341e-012,SUPPORTED,TRUE,EXCEPTION_MSG,NONE,Time,0
Case_645,PASS,FAILING_POINTS,0,LARGEST_ERROR,6.76509e-012,SUPPORTED,TRUE,EXCEPTION_MSG,NONE,Time,0
Case_646,PASS,FAILING_POINTS,0,LARGEST_ERROR,3.76265e-008,SUPPORTED,TRUE,EXCEPTION_MSG,NONE,Time,0
Case_647,PASS,FAILING_POINTS,0,LARGEST_ERROR,6.76884e-009,SUPPORTED,TRUE,EXCEPTION_MSG,NONE,Time,0
Case_648,PASS,FAILING_POINTS,0,LARGEST_ERROR,2.11926e-008,SUPPORTED,TRUE,EXCEPTION_MSG,NONE,Time,0
Case_649,PASS,FAILING_POINTS,0,LARGEST_ERROR,3.96575e-008,SUPPORTED,TRUE,EXCEPTION_MSG,NONE,Time,0
Case_650,PASS,FAILING_POINTS,0,LARGEST_ERROR,1.00049e-008,SUPPORTED,TRUE,EXCEPTION_MSG,NONE,Time,0
Case_651,PASS,FAILING_POINTS,0,LARGEST_ERROR,1.45071e-008,SUPPORTED,TRUE,EXCEPTION_MSG,NONE,Time,0
Case_652,PASS,FAILING_POINTS,0,LARGEST_ERROR,1.53364e-011,SUPPORTED,TRUE,EXCEPTION_MSG,NONE,Time,0
Case_653,PASS,FAILING_POINTS,0,LARGEST_ERROR,1.14322e-011,SUPPORTED,TRUE,EXCEPTION_MSG,NONE,Time,0
Case_654,PASS,FAILING_POINTS,0,LARGEST_ERROR,1.04561e-011,SUPPORTED,TRUE,EXCEPTION_MSG,NONE,Time,0
Case_655,PASS,FAILING_POINTS,0,LARGEST_ERROR,9.7388e-012,SUPPORTED,TRUE,EXCEPTION_MSG,NONE,Time,0
Case_656,PASS,FAILING_POINTS,0,LARGEST_ERROR,8.45506e-012,SUPPORTED,TRUE,EXCEPTION_MSG,NONE,Time,0
Case_657,PASS,FAILING_POINTS,0,LARGEST_ERROR,7.62755e-012,SUPPORTED,TRUE,EXCEPTION_MSG,NONE,Time,0
Case_658,FAIL,FAILING_POINTS,0,LARGEST_ERROR,1,SUPPORTED,FALSE,EXCEPTION_MSG,NOT_SUPPORTED,Time,0
Case_659,FAIL,FAILING_POINTS,0,LARGEST_ERROR,1,SUPPORTED,FALSE,EXCEPTION_MSG,NOT_SUPPORTED,Time,0
Case_660,FAIL,FAILING_POINTS,0,LARGEST_ERROR,1,SUPPORTED,FALSE,EXCEPTION_MSG,NOT_SUPPORTED,Time,0
Case_661,FAIL,FAILING_POINTS,0,LARGEST_ERROR,1,SUPPORTED,FALSE,EXCEPTION_MSG,NOT_SUPPORTED,Time,0
Case_662,FAIL,FAILING_POINTS,0,LARGEST_ERROR,1,SUPPORTED,FALSE,EXCEPTION_MSG,NOT_SUPPORTED,Time,0
Case_663,FAIL,FAILING_POINTS,0,LARGEST_ERROR,1,SUPPORTED,FALSE,EXCEPTION_MSG,NOT_SUPPORTED,Time,0
Case_664,FAIL,FAILING_POINTS,0,LARGEST_ERROR,1,SUPPORTED,FALSE,EXCEPTION_MSG,NOT_SUPPORTED,Time,0
Case_665,FAIL,FAILING_POINTS,0,LARGEST_ERROR,1,SUPPORTED,FALSE,EXCEPTION_MSG,NOT_SUPPORTED,Time,0
Case_666,FAIL,FAILING_POINTS,0,LARGEST_ERROR,1,SUPPORTED,FALSE,EXCEPTION_MSG,NOT_SUPPORTED,Time,0
Case_667,FAIL,FAILING_POINTS,145,LARGEST_ERROR,1.3495,SUPPORTED,TRUE,EXCEPTION_MSG,NONE,Time,0
Case_668,FAIL,FAILING_POINTS,204,LARGEST_ERROR,0.00396288,SUPPORTED,TRUE,EXCEPTION_MSG,NONE,Time,0
Case_669,FAIL,FAILING_POINTS,249,LARGEST_ERROR,0.6,SUPPORTED,TRUE,EXCEPTION_MSG,NONE,Time,0
Case_670,FAIL,FAILING_POINTS,204,LARGEST_ERROR,1.68303e-005,SUPPORTED,TRUE,EXCEPTION_MSG,NONE,Time,0
Case_671,FAIL,FAILING_POINTS,204,LARGEST_ERROR,9.19579e-006,SUPPORTED,TRUE,EXCEPTION_MSG,NONE,Time,0
Case_672,FAIL,FAILING_POINTS,204,LARGEST_ERROR,8.29837e-006,SUPPORTED,TRUE,EXCEPTION_MSG,NONE,Time,0
Case_673,FAIL,FAILING_POINTS,0,LARGEST_ERROR,1,SUPPORTED,FALSE,EXCEPTION_MSG,NOT_SUPPORTED,Time,0
Case_674,FAIL,FAILING_POINTS,0,LARGEST_ERROR,1,SUPPORTED,FALSE,EXCEPTION_MSG,NOT_SUPPORTED,Time,0
Case_675,FAIL,FAILING_POINTS,0,LARGEST_ERROR,1,SUPPORTED,FALSE,EXCEPTION_MSG,NOT_SUPPORTED,Time,0
Case_676,FAIL,FAILING_POINTS,102,LARGEST_ERROR,0.236473,SUPPORTED,TRUE,EXCEPTION_MSG,NONE,Time,0
Case_677,FAIL,FAILING_POINTS,102,LARGEST_ERROR,0.220902,SUPPORTED,TRUE,EXCEPTION_MSG,NONE,Time,0
Case_678,FAIL,FAILING_POINTS,102,LARGEST_ERROR,0.674103,SUPPORTED,TRUE,EXCEPTION_MSG,NONE,Time,0
Case_679,FAIL,FAILING_POINTS,151,LARGEST_ERROR,1.87096,SUPPORTED,TRUE,EXCEPTION_MSG,NONE,Time,0
Case_680,FAIL,FAILING_POINTS,153,LARGEST_ERROR,0.345066,SUPPORTED,TRUE,EXCEPTION_MSG,NONE,Time,0
Case_681,FAIL,FAILING_POINTS,153,LARGEST_ERROR,7.14416,SUPPORTED,TRUE,EXCEPTION_MSG,NONE,Time,0
Case_682,FAIL,FAILING_POINTS,126,LARGEST_ERROR,1.15574,SUPPORTED,TRUE,EXCEPTION_MSG,NONE,Time,0
Case_683,FAIL,FAILING_POINTS,115,LARGEST_ERROR,0.880881,SUPPORTED,TRUE,EXCEPTION_MSG,NONE,Time,0
Case_684,FAIL,FAILING_POINTS,153,LARGEST_ERROR,2.30567,SUPPORTED,TRUE,EXCEPTION_MSG,NONE,Time,0
Case_685,PASS,FAILING_POINTS,0,LARGEST_ERROR,1.05251e-008,SUPPORTED,TRUE,EXCEPTION_MSG,NONE,Time,0
Case_686,PASS,FAILING_POINTS,0,LARGEST_ERROR,5.30549e-012,SUPPORTED,TRUE,EXCEPTION_MSG,NONE,Time,0
Case_687,FAIL,FAILING_POINTS,0,LARGEST_ERROR,1,SUPPORTED,FALSE,EXCEPTION_MSG,NOT_SUPPORTED,Time,0
Case_688,PASS,FAILING_POINTS,0,LARGEST_ERROR,2.5e-007,SUPPORTED,TRUE,EXCEPTION_MSG,NONE,Time,0
Case_689,PASS,FAILING_POINTS,0,LARGEST_ERROR,2.80221e-008,SUPPORTED,TRUE,EXCEPTION_MSG,NONE,Time,0
Case_690,PASS,FAILING_POINTS,0,LARGEST_ERROR,2.3377e-008,SUPPORTED,TRUE,EXCEPTION_MSG,NONE,Time,0
Case_691,PASS,FAILING_POINTS,0,LARGEST_ERROR,2.4869e-014,SUPPORTED,TRUE,EXCEPTION_MSG,NONE,Time,0
Case_692,PASS,FAILING_POINTS,0,LARGEST_ERROR,1.03994e-008,SUPPORTED,TRUE,EXCEPTION_MSG,NONE,Time,0
Case_693,PASS,FAILING_POINTS,0,LARGEST_ERROR,6.58997e-012,SUPPORTED,TRUE,EXCEPTION_MSG,NONE,Time,0
Case_694,PASS,FAILING_POINTS,0,LARGEST_ERROR,9.04033e-012,SUPPORTED,TRUE,EXCEPTION_MSG,NONE,Time,0
Case_695,FAIL,FAILING_POINTS,0,LARGEST_ERROR,1,SUPPORTED,FALSE,EXCEPTION_MSG,NOT_SUPPORTED,Time,0
Case_696,FAIL,FAILING_POINTS,0,LARGEST_ERROR,1,SUPPORTED,FALSE,EXCEPTION_MSG,NOT_SUPPORTED,Time,0
Case_697,PASS,FAILING_POINTS,0,LARGEST_ERROR,9.375e-007,SUPPORTED,TRUE,EXCEPTION_MSG,NONE,Time,0
Case_698,PASS,FAILING_POINTS,0,LARGEST_ERROR,2.5e-007,SUPPORTED,TRUE,EXCEPTION_MSG,NONE,Time,0
Case_699,PASS,FAILING_POINTS,0,LARGEST_ERROR,1.06581e-014,SUPPORTED,TRUE,EXCEPTION_MSG,NONE,Time,0
Case_700,PASS,FAILING_POINTS,0,LARGEST_ERROR,2.80184e-008,SUPPORTED,TRUE,EXCEPTION_MSG,NONE,Time,0
Case_701,PASS,FAILING_POINTS,0,LARGEST_ERROR,1.06581e-014,SUPPORTED,TRUE,EXCEPTION_MSG,NONE,Time,0
Case_702,PASS,FAILING_POINTS,0,LARGEST_ERROR,1.62903e-008,SUPPORTED,TRUE,EXCEPTION_MSG,NONE,Time,0
Case_703,PASS,FAILING_POINTS,0,LARGEST_ERROR,7.01923e-012,SUPPORTED,TRUE,EXCEPTION_MSG,NONE,Time,0
Case_704,PASS,FAILING_POINTS,0,LARGEST_ERROR,1.10523e-011,SUPPORTED,TRUE,EXCEPTION_MSG,NONE,Time,0
Case_705,FAIL,FAILING_POINTS,0,LARGEST_ERROR,1,SUPPORTED,FALSE,EXCEPTION_MSG,NOT_SUPPORTED,Time,0
Case_706,PASS,FAILING_POINTS,0,LARGEST_ERROR,2.5e-007,SUPPORTED,TRUE,EXCEPTION_MSG,NONE,Time,0
Case_707,PASS,FAILING_POINTS,0,LARGEST_ERROR,6.43812e-008,SUPPORTED,TRUE,EXCEPTION_MSG,NONE,Time,0
Case_708,PASS,FAILING_POINTS,0,LARGEST_ERROR,6.26042e-008,SUPPORTED,TRUE,EXCEPTION_MSG,NONE,Time,0
Case_709,PASS,FAILING_POINTS,0,LARGEST_ERROR,4.88657e-006,SUPPORTED,TRUE,EXCEPTION_MSG,NONE,Time,0
Case_710,PASS,FAILING_POINTS,0,LARGEST_ERROR,4.94198e-006,SUPPORTED,TRUE,EXCEPTION_MSG,NONE,Time,0
Case_711,PASS,FAILING_POINTS,0,LARGEST_ERROR,1.65965e-011,SUPPORTED,TRUE,EXCEPTION_MSG,NONE,Time,0
Case_712,FAIL,FAILING_POINTS,86,LARGEST_ERROR,0.09,SUPPORTED,TRUE,EXCEPTION_MSG,NONE,Time,0
Case_713,FAIL,FAILING_POINTS,204,LARGEST_ERROR,1.61035e-005,SUPPORTED,TRUE,EXCEPTION_MSG,NONE,Time,0
Case_714,FAIL,FAILING_POINTS,153,LARGEST_ERROR,0.4,SUPPORTED,TRUE,EXCEPTION_MSG,NONE,Time,0
Case_715,PASS,FAILING_POINTS,0,LARGEST_ERROR,1.54869e-011,SUPPORTED,TRUE,EXCEPTION_MSG,NONE,Time,0
Case_716,PASS,FAILING_POINTS,0,LARGEST_ERROR,5.68087e-012,SUPPORTED,TRUE,EXCEPTION_MSG,NONE,Time,0
Case_717,PASS,FAILING_POINTS,0,LARGEST_ERROR,3.30272e-008,SUPPORTED,TRUE,EXCEPTION_MSG,NONE,Time,0
Case_718,PASS,FAILING_POINTS,0,LARGEST_ERROR,1.0669e-011,SUPPORTED,TRUE,EXCEPTION_MSG,NONE,Time,0
Case_719,PASS,FAILING_POINTS,0,LARGEST_ERROR,8.03155e-008,SUPPORTED,TRUE,EXCEPTION_MSG,NONE,Time,0
Case_720,PASS,FAILING_POINTS,0,LARGEST_ERROR,9.83551e-012,SUPPORTED,TRUE,EXCEPTION_MSG,NONE,Time,0
Case_721,PASS,FAILING_POINTS,0,LARGEST_ERROR,7.17182e-012,SUPPORTED,TRUE,EXCEPTION_MSG,NONE,Time,0
Case_722,PASS,FAILING_POINTS,0,LARGEST_ERROR,4.51591e-008,SUPPORTED,TRUE,EXCEPTION_MSG,NONE,Time,0
Case_723,PASS,FAILING_POINTS,0,LARGEST_ERROR,7.10403e-008,SUPPORTED,TRUE,EXCEPTION_MSG,NONE,Time,0
Case_724,PASS,FAILING_POINTS,0,LARGEST_ERROR,2.23374e-008,SUPPORTED,TRUE,EXCEPTION_MSG,NONE,Time,0
Case_725,PASS,FAILING_POINTS,0,LARGEST_ERROR,5.86883e-011,SUPPORTED,TRUE,EXCEPTION_MSG,NONE,Time,0
Case_726,PASS,FAILING_POINTS,0,LARGEST_ERROR,1.17847e-007,SUPPORTED,TRUE,EXCEPTION_MSG,NONE,Time,0
Case_727,PASS,FAILING_POINTS,0,LARGEST_ERROR,6.70557e-012,SUPPORTED,TRUE,EXCEPTION_MSG,NONE,Time,0
Case_728,PASS,FAILING_POINTS,0,LARGEST_ERROR,1.10523e-011,SUPPORTED,TRUE,EXCEPTION_MSG,NONE,Time,0
Case_729,PASS,FAILING_POINTS,0,LARGEST_ERROR,1.20051e-007,SUPPORTED,TRUE,EXCEPTION_MSG,NONE,Time,0
Case_730,PASS,FAILING_POINTS,0,LARGEST_ERROR,1.45071e-008,SUPPORTED,TRUE,EXCEPTION_MSG,NONE,Time,0
Case_731,PASS,FAILING_POINTS,0,LARGEST_ERROR,1.00049e-008,SUPPORTED,TRUE,EXCEPTION_MSG,NONE,Time,0
Case_732,PASS,FAILING_POINTS,0,LARGEST_ERROR,1.743e-008,SUPPORTED,TRUE,EXCEPTION_MSG,NONE,Time,0
Case_733,PASS,FAILING_POINTS,0,LARGEST_ERROR,6.81326e-012,SUPPORTED,TRUE,EXCEPTION_MSG,NONE,Time,0
Case_734,PASS,FAILING_POINTS,0,LARGEST_ERROR,1.08489e-011,SUPPORTED,TRUE,EXCEPTION_MSG,NONE,Time,0
Case_735,PASS,FAILING_POINTS,0,LARGEST_ERROR,1.5795e-008,SUPPORTED,TRUE,EXCEPTION_MSG,NONE,Time,0
Case_736,PASS,FAILING_POINTS,0,LARGEST_ERROR,3.20378e-008,SUPPORTED,TRUE,EXCEPTION_MSG,NONE,Time,0
Case_737,PASS,FAILING_POINTS,0,LARGEST_ERROR,2.44075e-008,SUPPORTED,TRUE,EXCEPTION_MSG,NONE,Time,0
Case_738,PASS,FAILING_POINTS,0,LARGEST_ERROR,3.56242e-011,SUPPORTED,TRUE,EXCEPTION_MSG,NONE,Time,0
Case_739,PASS,FAILING_POINTS,0,LARGEST_ERROR,1.9435e-011,SUPPORTED,TRUE,EXCEPTION_MSG,NONE,Time,0
Case_740,PASS,FAILING_POINTS,0,LARGEST_ERROR,9.75515e-012,SUPPORTED,TRUE,EXCEPTION_MSG,NONE,Time,0
Case_741,PASS,FAILING_POINTS,0,LARGEST_ERROR,2.88098e-011,SUPPORTED,TRUE,EXCEPTION_MSG,NONE,Time,0
Case_742,PASS,FAILING_POINTS,0,LARGEST_ERROR,3.67663e-009,SUPPORTED,TRUE,EXCEPTION_MSG,NONE,Time,0
Case_743,PASS,FAILING_POINTS,0,LARGEST_ERROR,2.34118e-008,SUPPORTED,TRUE,EXCEPTION_MSG,NONE,Time,0
Case_744,PASS,FAILING_POINTS,0,LARGEST_ERROR,1.10507e-007,SUPPORTED,TRUE,EXCEPTION_MSG,NONE,Time,1
Case_745,PASS,FAILING_POINTS,0,LARGEST_ERROR,9.23969e-008,SUPPORTED,TRUE,EXCEPTION_MSG,NONE,Time,0
Case_746,PASS,FAILING_POINTS,0,LARGEST_ERROR,1.59166e-009,SUPPORTED,TRUE,EXCEPTION_MSG,NONE,Time,0
Case_747,PASS,FAILING_POINTS,0,LARGEST_ERROR,2.16626e-010,SUPPORTED,TRUE,EXCEPTION_MSG,NONE,Time,0
Case_748,PASS,FAILING_POINTS,0,LARGEST_ERROR,9.11624e-008,SUPPORTED,TRUE,EXCEPTION_MSG,NONE,Time,0
Case_749,PASS,FAILING_POINTS,0,LARGEST_ERROR,6.4381e-008,SUPPORTED,TRUE,EXCEPTION_MSG,NONE,Time,0
Case_750,PASS,FAILING_POINTS,0,LARGEST_ERROR,6.52692e-008,SUPPORTED,TRUE,EXCEPTION_MSG,NONE,Time,0
Case_751,PASS,FAILING_POINTS,0,LARGEST_ERROR,7.08195e-009,SUPPORTED,TRUE,EXCEPTION_MSG,NONE,Time,0
Case_752,PASS,FAILING_POINTS,0,LARGEST_ERROR,2.7928e-008,SUPPORTED,TRUE,EXCEPTION_MSG,NONE,Time,0
Case_753,PASS,FAILING_POINTS,0,LARGEST_ERROR,1.54798e-008,SUPPORTED,TRUE,EXCEPTION_MSG,NONE,Time,0
Case_754,PASS,FAILING_POINTS,0,LARGEST_ERROR,4.95211e-009,SUPPORTED,TRUE,EXCEPTION_MSG,NONE,Time,0
Case_755,PASS,FAILING_POINTS,0,LARGEST_ERROR,4.95211e-009,SUPPORTED,TRUE,EXCEPTION_MSG,NONE,Time,0
Case_756,PASS,FAILING_POINTS,0,LARGEST_ERROR,4.95211e-009,SUPPORTED,TRUE,EXCEPTION_MSG,NONE,Time,0
Case_757,PASS,FAILING_POINTS,0,LARGEST_ERROR,2.67059e-008,SUPPORTED,TRUE,EXCEPTION_MSG,NONE,Time,1
Case_758,PASS,FAILING_POINTS,0,LARGEST_ERROR,2.67059e-008,SUPPORTED,TRUE,EXCEPTION_MSG,NONE,Time,0
Case_759,PASS,FAILING_POINTS,0,LARGEST_ERROR,2.66868e-008,SUPPORTED,TRUE,EXCEPTION_MSG,NONE,Time,0
Case_760,FAIL,FAILING_POINTS,0,LARGEST_ERROR,1,SUPPORTED,FALSE,EXCEPTION_MSG,NOT_SUPPORTED,Time,0
Case_761,FAIL,FAILING_POINTS,0,LARGEST_ERROR,1,SUPPORTED,FALSE,EXCEPTION_MSG,NOT_SUPPORTED,Time,0
Case_762,FAIL,FAILING_POINTS,0,LARGEST_ERROR,1,SUPPORTED,FALSE,EXCEPTION_MSG,NOT_SUPPORTED,Time,0
Case_763,PASS,FAILING_POINTS,0,LARGEST_ERROR,1.18305e-008,SUPPORTED,TRUE,EXCEPTION_MSG,NONE,Time,0
Case_764,PASS,FAILING_POINTS,0,LARGEST_ERROR,2.13452e-008,SUPPORTED,TRUE,EXCEPTION_MSG,NONE,Time,0
Case_765,PASS,FAILING_POINTS,0,LARGEST_ERROR,1.05375e-007,SUPPORTED,TRUE,EXCEPTION_MSG,NONE,Time,0
Case_766,PASS,FAILING_POINTS,0,LARGEST_ERROR,2.94124e-010,SUPPORTED,TRUE,EXCEPTION_MSG,NONE,Time,0
Case_767,PASS,FAILING_POINTS,0,LARGEST_ERROR,5.49667e-009,SUPPORTED,TRUE,EXCEPTION_MSG,NONE,Time,0
Case_768,PASS,FAILING_POINTS,0,LARGEST_ERROR,3.84074e-011,SUPPORTED,TRUE,EXCEPTION_MSG,NONE,Time,0
Case_769,PASS,FAILING_POINTS,0,LARGEST_ERROR,6.39839e-008,SUPPORTED,TRUE,EXCEPTION_MSG,NONE,Time,0
Case_770,PASS,FAILING_POINTS,0,LARGEST_ERROR,6.26192e-008,SUPPORTED,TRUE,EXCEPTION_MSG,NONE,Time,0
Case_771,PASS,FAILING_POINTS,0,LARGEST_ERROR,1.26361e-008,SUPPORTED,TRUE,EXCEPTION_MSG,NONE,Time,35
Case_772,PASS,FAILING_POINTS,0,LARGEST_ERROR,1.26361e-008,SUPPORTED,TRUE,EXCEPTION_MSG,NONE,Time,2
Case_773,PASS,FAILING_POINTS,0,LARGEST_ERROR,1.13642e-008,SUPPORTED,TRUE,EXCEPTION_MSG,NONE,Time,2
Case_774,PASS,FAILING_POINTS,0,LARGEST_ERROR,9.04314e-008,SUPPORTED,TRUE,EXCEPTION_MSG,NONE,Time,1
Case_775,PASS,FAILING_POINTS,0,LARGEST_ERROR,5.66702e-010,SUPPORTED,TRUE,EXCEPTION_MSG,NONE,Time,2
Case_776,PASS,FAILING_POINTS,0,LARGEST_ERROR,1.22993e-007,SUPPORTED,TRUE,EXCEPTION_MSG,NONE,Time,1
Case_777,FAIL,FAILING_POINTS,0,LARGEST_ERROR,1,SUPPORTED,FALSE,EXCEPTION_MSG,NOT_SUPPORTED,Time,0
Case_778,FAIL,FAILING_POINTS,0,LARGEST_ERROR,1,SUPPORTED,FALSE,EXCEPTION_MSG,NOT_SUPPORTED,Time,0
Case_779,FAIL,FAILING_POINTS,0,LARGEST_ERROR,1,SUPPORTED,FALSE,EXCEPTION_MSG,NOT_SUPPORTED,Time,0
Case_780,FAIL,FAILING_POINTS,0,LARGEST_ERROR,1,SUPPORTED,FALSE,EXCEPTION_MSG,NOT_SUPPORTED,Time,0
Case_781,PASS,FAILING_POINTS,0,LARGEST_ERROR,1.94849e-008,SUPPORTED,TRUE,EXCEPTION_MSG,NONE,Time,1
Case_782,PASS,FAILING_POINTS,0,LARGEST_ERROR,9.13993e-008,SUPPORTED,TRUE,EXCEPTION_MSG,NONE,Time,0
Case_783,PASS,FAILING_POINTS,0,LARGEST_ERROR,8.17037e-009,SUPPORTED,TRUE,EXCEPTION_MSG,NONE,Time,0
Case_784,PASS,FAILING_POINTS,0,LARGEST_ERROR,1.04685e-010,SUPPORTED,TRUE,EXCEPTION_MSG,NONE,Time,1
Case_785,PASS,FAILING_POINTS,0,LARGEST_ERROR,3.04453e-011,SUPPORTED,TRUE,EXCEPTION_MSG,NONE,Time,0
Case_786,PASS,FAILING_POINTS,0,LARGEST_ERROR,8.09094e-010,SUPPORTED,TRUE,EXCEPTION_MSG,NONE,Time,0
Case_787,PASS,FAILING_POINTS,0,LARGEST_ERROR,2.5e-007,SUPPORTED,TRUE,EXCEPTION_MSG,NONE,Time,1
Case_788,PASS,FAILING_POINTS,0,LARGEST_ERROR,2.5e-007,SUPPORTED,TRUE,EXCEPTION_MSG,NONE,Time,3
Case_789,PASS,FAILING_POINTS,0,LARGEST_ERROR,2.55229e-008,SUPPORTED,TRUE,EXCEPTION_MSG,NONE,Time,2
Case_790,PASS,FAILING_POINTS,0,LARGEST_ERROR,2.55229e-008,SUPPORTED,TRUE,EXCEPTION_MSG,NONE,Time,3
Case_791,PASS,FAILING_POINTS,0,LARGEST_ERROR,1.83693e-008,SUPPORTED,TRUE,EXCEPTION_MSG,NONE,Time,3
Case_792,PASS,FAILING_POINTS,0,LARGEST_ERROR,1.95214e-008,SUPPORTED,TRUE,EXCEPTION_MSG,NONE,Time,1
Case_793,PASS,FAILING_POINTS,0,LARGEST_ERROR,8.19754e-009,SUPPORTED,TRUE,EXCEPTION_MSG,NONE,Time,4
Case_794,PASS,FAILING_POINTS,0,LARGEST_ERROR,9.14158e-008,SUPPORTED,TRUE,EXCEPTION_MSG,NONE,Time,1
Case_795,PASS,FAILING_POINTS,0,LARGEST_ERROR,9.14158e-008,SUPPORTED,TRUE,EXCEPTION_MSG,NONE,Time,1
Case_796,PASS,FAILING_POINTS,0,LARGEST_ERROR,1.95214e-008,SUPPORTED,TRUE,EXCEPTION_MSG,NONE,Time,2
Case_797,PASS,FAILING_POINTS,0,LARGEST_ERROR,1.71899e-010,SUPPORTED,TRUE,EXCEPTION_MSG,NONE,Time,2
Case_798,PASS,FAILING_POINTS,0,LARGEST_ERROR,1.30243e-011,SUPPORTED,TRUE,EXCEPTION_MSG,NONE,Time,1
Case_799,PASS,FAILING_POINTS,0,LARGEST_ERROR,2.05052e-011,SUPPORTED,TRUE,EXCEPTION_MSG,NONE,Time,2
Case_800,PASS,FAILING_POINTS,0,LARGEST_ERROR,8.78538e-010,SUPPORTED,TRUE,EXCEPTION_MSG,NONE,Time,1
Case_801,PASS,FAILING_POINTS,0,LARGEST_ERROR,1.77636e-015,SUPPORTED,TRUE,EXCEPTION_MSG,NONE,Time,1
Case_802,PASS,FAILING_POINTS,0,LARGEST_ERROR,4.816e-007,SUPPORTED,TRUE,EXCEPTION_MSG,NONE,Time,0
Case_803,PASS,FAILING_POINTS,0,LARGEST_ERROR,4.81988e-007,SUPPORTED,TRUE,EXCEPTION_MSG,NONE,Time,1
Case_804,PASS,FAILING_POINTS,0,LARGEST_ERROR,2.13587e-009,SUPPORTED,TRUE,EXCEPTION_MSG,NONE,Time,0
Case_805,PASS,FAILING_POINTS,0,LARGEST_ERROR,4.94811e-007,SUPPORTED,TRUE,EXCEPTION_MSG,NONE,Time,1
Case_806,PASS,FAILING_POINTS,0,LARGEST_ERROR,1.24521e-009,SUPPORTED,TRUE,EXCEPTION_MSG,NONE,Time,0
Case_807,PASS,FAILING_POINTS,0,LARGEST_ERROR,7.93425e-010,SUPPORTED,TRUE,EXCEPTION_MSG,NONE,Time,0
Case_808,PASS,FAILING_POINTS,0,LARGEST_ERROR,8.09105e-010,SUPPORTED,TRUE,EXCEPTION_MSG,NONE,Time,0
Case_809,PASS,FAILING_POINTS,0,LARGEST_ERROR,2.86929e-008,SUPPORTED,TRUE,EXCEPTION_MSG,NONE,Time,1
Case_810,PASS,FAILING_POINTS,0,LARGEST_ERROR,1.73188e-009,SUPPORTED,TRUE,EXCEPTION_MSG,NONE,Time,0
Case_811,PASS,FAILING_POINTS,0,LARGEST_ERROR,4.58107e-009,SUPPORTED,TRUE,EXCEPTION_MSG,NONE,Time,0
Case_812,FAIL,FAILING_POINTS,101,LARGEST_ERROR,1,SUPPORTED,TRUE,EXCEPTION_MSG,NONE,Time,0
Case_813,FAIL,FAILING_POINTS,152,LARGEST_ERROR,0.565217,SUPPORTED,TRUE,EXCEPTION_MSG,NONE,Time,0
Case_814,FAIL,FAILING_POINTS,152,LARGEST_ERROR,0.0734084,SUPPORTED,TRUE,EXCEPTION_MSG,NONE,Time,0
Case_815,PASS,FAILING_POINTS,0,LARGEST_ERROR,2.27727e-008,SUPPORTED,TRUE,EXCEPTION_MSG,NONE,Time,0
Case_816,PASS,FAILING_POINTS,0,LARGEST_ERROR,1.71877e-009,SUPPORTED,TRUE,EXCEPTION_MSG,NONE,Time,0
Case_817,PASS,FAILING_POINTS,0,LARGEST_ERROR,9.63583e-009,SUPPORTED,TRUE,EXCEPTION_MSG,NONE,Time,0
Case_818,PASS,FAILING_POINTS,0,LARGEST_ERROR,7.11448e-009,SUPPORTED,TRUE,EXCEPTION_MSG,NONE,Time,0
Case_819,PASS,FAILING_POINTS,0,LARGEST_ERROR,1.08916e-008,SUPPORTED,TRUE,EXCEPTION_MSG,NONE,Time,0
Case_820,PASS,FAILING_POINTS,0,LARGEST_ERROR,2.20439e-008,SUPPORTED,TRUE,EXCEPTION_MSG,NONE,Time,0
Case_821,PASS,FAILING_POINTS,0,LARGEST_ERROR,1.15974e-008,SUPPORTED,TRUE,EXCEPTION_MSG,NONE,Time,0
Case_822,PASS,FAILING_POINTS,0,LARGEST_ERROR,2.09147e-009,SUPPORTED,TRUE,EXCEPTION_MSG,NONE,Time,0
Case_823,PASS,FAILING_POINTS,0,LARGEST_ERROR,2.06828e-008,SUPPORTED,TRUE,EXCEPTION_MSG,NONE,Time,0
Case_824,PASS,FAILING_POINTS,0,LARGEST_ERROR,5.34405e-008,SUPPORTED,TRUE,EXCEPTION_MSG,NONE,Time,0
Case_825,PASS,FAILING_POINTS,0,LARGEST_ERROR,2.46497e-009,SUPPORTED,TRUE,EXCEPTION_MSG,NONE,Time,0
Case_826,PASS,FAILING_POINTS,0,LARGEST_ERROR,1.25666e-008,SUPPORTED,TRUE,EXCEPTION_MSG,NONE,Time,0
Case_827,PASS,FAILING_POINTS,0,LARGEST_ERROR,4.58995e-008,SUPPORTED,TRUE,EXCEPTION_MSG,NONE,Time,0
Case_828,PASS,FAILING_POINTS,0,LARGEST_ERROR,2.45988e-009,SUPPORTED,TRUE,EXCEPTION_MSG,NONE,Time,0
Case_829,PASS,FAILING_POINTS,0,LARGEST_ERROR,1.30985e-008,SUPPORTED,TRUE,EXCEPTION_MSG,NONE,Time,0
Case_830,PASS,FAILING_POINTS,0,LARGEST_ERROR,3.18419e-008,SUPPORTED,TRUE,EXCEPTION_MSG,NONE,Time,0
Case_831,PASS,FAILING_POINTS,0,LARGEST_ERROR,2.73001e-008,SUPPORTED,TRUE,EXCEPTION_MSG,NONE,Time,0
Case_832,PASS,FAILING_POINTS,0,LARGEST_ERROR,1.7475e-008,SUPPORTED,TRUE,EXCEPTION_MSG,NONE,Time,0
Case_833,PASS,FAILING_POINTS,0,LARGEST_ERROR,1.71294e-009,SUPPORTED,TRUE,EXCEPTION_MSG,NONE,Time,0
Case_834,PASS,FAILING_POINTS,0,LARGEST_ERROR,8.10034e-009,SUPPORTED,TRUE,EXCEPTION_MSG,NONE,Time,0
Case_835,PASS,FAILING_POINTS,0,LARGEST_ERROR,1.73326e-009,SUPPORTED,TRUE,EXCEPTION_MSG,NONE,Time,0
Case_836,PASS,FAILING_POINTS,0,LARGEST_ERROR,1.72046e-009,SUPPORTED,TRUE,EXCEPTION_MSG,NONE,Time,0
Case_837,PASS,FAILING_POINTS,0,LARGEST_ERROR,1.73188e-009,SUPPORTED,TRUE,EXCEPTION_MSG,NONE,Time,0
Case_838,PASS,FAILING_POINTS,0,LARGEST_ERROR,9.54284e-009,SUPPORTED,TRUE,EXCEPTION_MSG,NONE,Time,0
Case_839,PASS,FAILING_POINTS,0,LARGEST_ERROR,9.55451e-009,SUPPORTED,TRUE,EXCEPTION_MSG,NONE,Time,0
Case_840,PASS,FAILING_POINTS,0,LARGEST_ERROR,4.59067e-009,SUPPORTED,TRUE,EXCEPTION_MSG,NONE,Time,0
Case_841,PASS,FAILING_POINTS,0,LARGEST_ERROR,4.56918e-009,SUPPORTED,TRUE,EXCEPTION_MSG,NONE,Time,0
Case_842,PASS,FAILING_POINTS,0,LARGEST_ERROR,4.56473e-009,SUPPORTED,TRUE,EXCEPTION_MSG,NONE,Time,0
Case_843,PASS,FAILING_POINTS,0,LARGEST_ERROR,4.56575e-009,SUPPORTED,TRUE,EXCEPTION_MSG,NONE,Time,0
Case_844,FAIL,FAILING_POINTS,0,LARGEST_ERROR,1,SUPPORTED,FALSE,EXCEPTION_MSG,NOT_SUPPORTED,Time,0
Case_845,PASS,FAILING_POINTS,0,LARGEST_ERROR,4.76907e-008,SUPPORTED,TRUE,EXCEPTION_MSG,NONE,Time,0
Case_846,PASS,FAILING_POINTS,0,LARGEST_ERROR,2.76664e-008,SUPPORTED,TRUE,EXCEPTION_MSG,NONE,Time,0
Case_847,PASS,FAILING_POINTS,0,LARGEST_ERROR,3.0075e-008,SUPPORTED,TRUE,EXCEPTION_MSG,NONE,Time,0
Case_848,PASS,FAILING_POINTS,0,LARGEST_ERROR,2.86393e-008,SUPPORTED,TRUE,EXCEPTION_MSG,NONE,Time,0
Case_849,PASS,FAILING_POINTS,0,LARGEST_ERROR,5.19826e-006,SUPPORTED,TRUE,EXCEPTION_MSG,NONE,Time,0
Case_850,PASS,FAILING_POINTS,0,LARGEST_ERROR,1.56032e-008,SUPPORTED,TRUE,EXCEPTION_MSG,NONE,Time,0
Case_851,PASS,FAILING_POINTS,0,LARGEST_ERROR,1.75465e-011,SUPPORTED,TRUE,EXCEPTION_MSG,NONE,Time,0
Case_852,PASS,FAILING_POINTS,0,LARGEST_ERROR,1.8661e-011,SUPPORTED,TRUE,EXCEPTION_MSG,NONE,Time,0
Case_853,PASS,FAILING_POINTS,0,LARGEST_ERROR,3.99028e-009,SUPPORTED,TRUE,EXCEPTION_MSG,NONE,Time,0
Case_854,PASS,FAILING_POINTS,0,LARGEST_ERROR,2.27657e-009,SUPPORTED,TRUE,EXCEPTION_MSG,NONE,Time,0
Case_855,PASS,FAILING_POINTS,0,LARGEST_ERROR,1.97823e-011,SUPPORTED,TRUE,EXCEPTION_MSG,NONE,Time,0
Case_856,PASS,FAILING_POINTS,0,LARGEST_ERROR,1.26667e-010,SUPPORTED,TRUE,EXCEPTION_MSG,NONE,Time,0
Case_857,FAIL,FAILING_POINTS,82,LARGEST_ERROR,0.000113158,SUPPORTED,TRUE,EXCEPTION_MSG,NONE,Time,0
Case_858,FAIL,FAILING_POINTS,186,LARGEST_ERROR,0.00591837,SUPPORTED,TRUE,EXCEPTION_MSG,NONE,Time,0
Case_859,FAIL,FAILING_POINTS,161,LARGEST_ERROR,0.0408163,SUPPORTED,TRUE,EXCEPTION_MSG,NONE,Time,0
Case_860,PASS,FAILING_POINTS,0,LARGEST_ERROR,1.99363e-011,SUPPORTED,TRUE,EXCEPTION_MSG,NONE,Time,0
Case_861,PASS,FAILING_POINTS,0,LARGEST_ERROR,1.31098e-011,SUPPORTED,TRUE,EXCEPTION_MSG,NONE,Time,0
Case_862,PASS,FAILING_POINTS,0,LARGEST_ERROR,6.91354e-009,SUPPORTED,TRUE,EXCEPTION_MSG,NONE,Time,0
Case_863,PASS,FAILING_POINTS,0,LARGEST_ERROR,3.22924e-011,SUPPORTED,TRUE,EXCEPTION_MSG,NONE,Time,0
Case_864,PASS,FAILING_POINTS,0,LARGEST_ERROR,2.94398e-011,SUPPORTED,TRUE,EXCEPTION_MSG,NONE,Time,0
Case_865,PASS,FAILING_POINTS,0,LARGEST_ERROR,7.32798e-011,SUPPORTED,TRUE,EXCEPTION_MSG,NONE,Time,0
Case_866,PASS,FAILING_POINTS,0,LARGEST_ERROR,1.15919e-011,SUPPORTED,TRUE,EXCEPTION_MSG,NONE,Time,0
Case_867,PASS,FAILING_POINTS,0,LARGEST_ERROR,2.5391e-011,SUPPORTED,TRUE,EXCEPTION_MSG,NONE,Time,0
Case_868,PASS,FAILING_POINTS,0,LARGEST_ERROR,1.5024e-008,SUPPORTED,TRUE,EXCEPTION_MSG,NONE,Time,0
Case_869,PASS,FAILING_POINTS,0,LARGEST_ERROR,3.15083e-009,SUPPORTED,TRUE,EXCEPTION_MSG,NONE,Time,0
Case_870,FAIL,FAILING_POINTS,0,LARGEST_ERROR,1,SUPPORTED,FALSE,EXCEPTION_MSG,NOT_SUPPORTED,Time,0
Case_871,FAIL,FAILING_POINTS,0,LARGEST_ERROR,1,SUPPORTED,FALSE,EXCEPTION_MSG,NOT_SUPPORTED,Time,0
Case_872,FAIL,FAILING_POINTS,0,LARGEST_ERROR,1,SUPPORTED,FALSE,EXCEPTION_MSG,NOT_SUPPORTED,Time,0
Case_873,FAIL,FAILING_POINTS,0,LARGEST_ERROR,1,SUPPORTED,FALSE,EXCEPTION_MSG,NOT_SUPPORTED,Time,0
Case_874,FAIL,FAILING_POINTS,0,LARGEST_ERROR,1,SUPPORTED,FALSE,EXCEPTION_MSG,NOT_SUPPORTED,Time,0
Case_875,FAIL,FAILING_POINTS,0,LARGEST_ERROR,1,SUPPORTED,FALSE,EXCEPTION_MSG,NOT_SUPPORTED,Time,0
Case_876,FAIL,FAILING_POINTS,0,LARGEST_ERROR,1,SUPPORTED,FALSE,EXCEPTION_MSG,NOT_SUPPORTED,Time,0
Case_877,PASS,FAILING_POINTS,0,LARGEST_ERROR,3.62884e-011,SUPPORTED,TRUE,EXCEPTION_MSG,NONE,Time,0
Case_878,PASS,FAILING_POINTS,0,LARGEST_ERROR,3.07885e-010,SUPPORTED,TRUE,EXCEPTION_MSG,NONE,Time,0
Case_879,PASS,FAILING_POINTS,0,LARGEST_ERROR,1.28432e-011,SUPPORTED,TRUE,EXCEPTION_MSG,NONE,Time,0
Case_880,PASS,FAILING_POINTS,0,LARGEST_ERROR,1.89462e-008,SUPPORTED,TRUE,EXCEPTION_MSG,NONE,Time,0
Case_881,PASS,FAILING_POINTS,0,LARGEST_ERROR,3.47706e-008,SUPPORTED,TRUE,EXCEPTION_MSG,NONE,Time,0
Case_882,PASS,FAILING_POINTS,0,LARGEST_ERROR,6.6068e-011,SUPPORTED,TRUE,EXCEPTION_MSG,NONE,Time,0
Case_883,PASS,FAILING_POINTS,0,LARGEST_ERROR,7.06849e-009,SUPPORTED,TRUE,EXCEPTION_MSG,NONE,Time,0
Case_884,PASS,FAILING_POINTS,0,LARGEST_ERROR,1.68007e-007,SUPPORTED,TRUE,EXCEPTION_MSG,NONE,Time,0
Case_885,PASS,FAILING_POINTS,0,LARGEST_ERROR,1.25679e-009,SUPPORTED,TRUE,EXCEPTION_MSG,NONE,Time,0
Case_886,PASS,FAILING_POINTS,0,LARGEST_ERROR,4.97553e-009,SUPPORTED,TRUE,EXCEPTION_MSG,NONE,Time,0
Case_887,PASS,FAILING_POINTS,0,LARGEST_ERROR,0.000387043,SUPPORTED,TRUE,EXCEPTION_MSG,NONE,Time,0
Case_888,PASS,FAILING_POINTS,0,LARGEST_ERROR,3.9628e-008,SUPPORTED,TRUE,EXCEPTION_MSG,NONE,Time,0
Case_889,PASS,FAILING_POINTS,0,LARGEST_ERROR,1.01118e-011,SUPPORTED,TRUE,EXCEPTION_MSG,NONE,Time,0
Case_890,PASS,FAILING_POINTS,0,LARGEST_ERROR,3.34748e-008,SUPPORTED,TRUE,EXCEPTION_MSG,NONE,Time,0
Case_891,PASS,FAILING_POINTS,0,LARGEST_ERROR,1.75465e-011,SUPPORTED,TRUE,EXCEPTION_MSG,NONE,Time,0
Case_892,PASS,FAILING_POINTS,0,LARGEST_ERROR,8.27054e-011,SUPPORTED,TRUE,EXCEPTION_MSG,NONE,Time,0
Case_893,PASS,FAILING_POINTS,0,LARGEST_ERROR,1.95666e-010,SUPPORTED,TRUE,EXCEPTION_MSG,NONE,Time,0
Case_894,PASS,FAILING_POINTS,0,LARGEST_ERROR,8.7246e-009,SUPPORTED,TRUE,EXCEPTION_MSG,NONE,Time,0
Case_895,PASS,FAILING_POINTS,0,LARGEST_ERROR,3.27202e-011,SUPPORTED,TRUE,EXCEPTION_MSG,NONE,Time,0
Case_896,PASS,FAILING_POINTS,0,LARGEST_ERROR,3.99028e-009,SUPPORTED,TRUE,EXCEPTION_MSG,NONE,Time,0
Case_897,PASS,FAILING_POINTS,0,LARGEST_ERROR,2.78305e-011,SUPPORTED,TRUE,EXCEPTION_MSG,NONE,Time,0
Case_898,PASS,FAILING_POINTS,0,LARGEST_ERROR,6.24409e-011,SUPPORTED,TRUE,EXCEPTION_MSG,NONE,Time,0
Case_899,PASS,FAILING_POINTS,0,LARGEST_ERROR,2.86063e-011,SUPPORTED,TRUE,EXCEPTION_MSG,NONE,Time,0
Case_900,PASS,FAILING_POINTS,0,LARGEST_ERROR,2.61336e-010,SUPPORTED,TRUE,EXCEPTION_MSG,NONE,Time,0
Case_901,PASS,FAILING_POINTS,0,LARGEST_ERROR,4.8206e-006,SUPPORTED,TRUE,EXCEPTION_MSG,NONE,Time,0
Case_902,PASS,FAILING_POINTS,0,LARGEST_ERROR,4.83065e-007,SUPPORTED,TRUE,EXCEPTION_MSG,NONE,Time,0
Case_903,PASS,FAILING_POINTS,0,LARGEST_ERROR,4.89905e-006,SUPPORTED,TRUE,EXCEPTION_MSG,NONE,Time,0
Case_904,PASS,FAILING_POINTS,0,LARGEST_ERROR,4.78728e-006,SUPPORTED,TRUE,EXCEPTION_MSG,NONE,Time,0
Case_905,PASS,FAILING_POINTS,0,LARGEST_ERROR,4.98659e-010,SUPPORTED,TRUE,EXCEPTION_MSG,NONE,Time,0
Case_906,PASS,FAILING_POINTS,0,LARGEST_ERROR,3.38881e-009,SUPPORTED,TRUE,EXCEPTION_MSG,NONE,Time,0
Case_907,PASS,FAILING_POINTS,0,LARGEST_ERROR,1.97328e-006,SUPPORTED,TRUE,EXCEPTION_MSG,NONE,Time,0
Case_908,PASS,FAILING_POINTS,0,LARGEST_ERROR,4.95159e-006,SUPPORTED,TRUE,EXCEPTION_MSG,NONE,Time,0
Case_909,PASS,FAILING_POINTS,0,LARGEST_ERROR,4.95503e-008,SUPPORTED,TRUE,EXCEPTION_MSG,NONE,Time,0
Case_910,PASS,FAILING_POINTS,0,LARGEST_ERROR,4.92093e-008,SUPPORTED,TRUE,EXCEPTION_MSG,NONE,Time,0
Case_911,PASS,FAILING_POINTS,0,LARGEST_ERROR,4.90404e-006,SUPPORTED,TRUE,EXCEPTION_MSG,NONE,Time,0
Case_912,PASS,FAILING_POINTS,0,LARGEST_ERROR,4.72612e-006,SUPPORTED,TRUE,EXCEPTION_MSG,NONE,Time,0
Case_913,PASS,FAILING_POINTS,0,LARGEST_ERROR,4.70232e-006,SUPPORTED,TRUE,EXCEPTION_MSG,NONE,Time,0
Case_914,PASS,FAILING_POINTS,0,LARGEST_ERROR,4.95741e-006,SUPPORTED,TRUE,EXCEPTION_MSG,NONE,Time,0
Case_915,PASS,FAILING_POINTS,0,LARGEST_ERROR,4.89506e-007,SUPPORTED,TRUE,EXCEPTION_MSG,NONE,Time,0
Case_916,PASS,FAILING_POINTS,0,LARGEST_ERROR,6.75775e-006,SUPPORTED,TRUE,EXCEPTION_MSG,NONE,Time,0
Case_917,PASS,FAILING_POINTS,0,LARGEST_ERROR,4.93148e-005,SUPPORTED,TRUE,EXCEPTION_MSG,NONE,Time,0
Case_918,PASS,FAILING_POINTS,0,LARGEST_ERROR,4.25652e-005,SUPPORTED,TRUE,EXCEPTION_MSG,NONE,Time,0
Case_919,PASS,FAILING_POINTS,0,LARGEST_ERROR,4.89893e-005,SUPPORTED,TRUE,EXCEPTION_MSG,NONE,Time,0
Case_920,PASS,FAILING_POINTS,0,LARGEST_ERROR,1.11022e-016,SUPPORTED,TRUE,EXCEPTION_MSG,NONE,Time,0
Case_921,PASS,FAILING_POINTS,0,LARGEST_ERROR,1.11022e-016,SUPPORTED,TRUE,EXCEPTION_MSG,NONE,Time,0
Case_922,PASS,FAILING_POINTS,0,LARGEST_ERROR,1.11022e-016,SUPPORTED,TRUE,EXCEPTION_MSG,NONE,Time,0
Case_923,PASS,FAILING_POINTS,0,LARGEST_ERROR,1.11022e-016,SUPPORTED,TRUE,EXCEPTION_MSG,NONE,Time,0
Case_924,PASS,FAILING_POINTS,0,LARGEST_ERROR,1.11022e-016,SUPPORTED,TRUE,EXCEPTION_MSG,NONE,Time,0
Case_925,PASS,FAILING_POINTS,0,LARGEST_ERROR,1.11022e-016,SUPPORTED,TRUE,EXCEPTION_MSG,NONE,Time,0
Case_926,PASS,FAILING_POINTS,0,LARGEST_ERROR,2.43533e-007,SUPPORTED,TRUE,EXCEPTION_MSG,NONE,Time,0
Case_927,FAIL,FAILING_POINTS,50,LARGEST_ERROR,1.26424,SUPPORTED,TRUE,EXCEPTION_MSG,NONE,Time,0
Case_928,PASS,FAILING_POINTS,0,LARGEST_ERROR,6.41259e-012,SUPPORTED,TRUE,EXCEPTION_MSG,NONE,Time,0
Case_929,PASS,FAILING_POINTS,0,LARGEST_ERROR,6.41259e-012,SUPPORTED,TRUE,EXCEPTION_MSG,NONE,Time,0
Case_930,PASS,FAILING_POINTS,0,LARGEST_ERROR,2.22045e-016,SUPPORTED,TRUE,EXCEPTION_MSG,NONE,Time,0
Case_931,PASS,FAILING_POINTS,0,LARGEST_ERROR,2.22045e-016,SUPPORTED,TRUE,EXCEPTION_MSG,NONE,Time,0
Case_932,PASS,FAILING_POINTS,0,LARGEST_ERROR,4.10331e-008,SUPPORTED,TRUE,EXCEPTION_MSG,NONE,Time,0
Case_933,PASS,FAILING_POINTS,0,LARGEST_ERROR,2.37702e-008,SUPPORTED,TRUE,EXCEPTION_MSG,NONE,Time,0
Case_934,PASS,FAILING_POINTS,0,LARGEST_ERROR,2.22045e-016,SUPPORTED,TRUE,EXCEPTION_MSG,NONE,Time,0
Case_935,PASS,FAILING_POINTS,0,LARGEST_ERROR,2.22045e-016,SUPPORTED,TRUE,EXCEPTION_MSG,NONE,Time,0
Case_936,PASS,FAILING_POINTS,0,LARGEST_ERROR,4.96871e-009,SUPPORTED,TRUE,EXCEPTION_MSG,NONE,Time,0
Case_937,FAIL,FAILING_POINTS,0,LARGEST_ERROR,1,SUPPORTED,FALSE,EXCEPTION_MSG,NOT_SUPPORTED,Time,0
Case_938,FAIL,FAILING_POINTS,0,LARGEST_ERROR,1,SUPPORTED,FALSE,EXCEPTION_MSG,NOT_SUPPORTED,Time,0
Case_939,FAIL,FAILING_POINTS,0,LARGEST_ERROR,1,SUPPORTED,FALSE,EXCEPTION_MSG,NOT_SUPPORTED,Time,0
Case_940,FAIL,FAILING_POINTS,0,LARGEST_ERROR,1,SUPPORTED,FALSE,EXCEPTION_MSG,NOT_SUPPORTED,Time,0
Case_941,FAIL,FAILING_POINTS,0,LARGEST_ERROR,1,SUPPORTED,FALSE,EXCEPTION_MSG,NOT_SUPPORTED,Time,0
Case_942,FAIL,FAILING_POINTS,0,LARGEST_ERROR,1,SUPPORTED,FALSE,EXCEPTION_MSG,NOT_SUPPORTED,Time,0
Case_943,FAIL,FAILING_POINTS,0,LARGEST_ERROR,1,SUPPORTED,FALSE,EXCEPTION_MSG,NOT_SUPPORTED,Time,0
Case_944,PASS,FAILING_POINTS,0,LARGEST_ERROR,4.14051e-007,SUPPORTED,TRUE,EXCEPTION_MSG,NONE,Time,0
Case_945,FAIL,FAILING_POINTS,130,LARGEST_ERROR,14.6069,SUPPORTED,TRUE,EXCEPTION_MSG,NONE,Time,0
Case_946,FAIL,FAILING_POINTS,130,LARGEST_ERROR,14.6069,SUPPORTED,TRUE,EXCEPTION_MSG,NONE,Time,0
Case_947,PASS,FAILING_POINTS,0,LARGEST_ERROR,3.75212e-007,SUPPORTED,TRUE,EXCEPTION_MSG,NONE,Time,0
Case_948,PASS,FAILING_POINTS,0,LARGEST_ERROR,3.75212e-007,SUPPORTED,TRUE,EXCEPTION_MSG,NONE,Time,0
Case_949,PASS,FAILING_POINTS,0,LARGEST_ERROR,1.11022e-016,SUPPORTED,TRUE,EXCEPTION_MSG,NONE,Time,0
Case_950,Model,failed,compilation,Failed,compiling,model,Failed,to,generate,and,compile,model,Failed,loading,SBML,model
Case_951,FAIL,FAILING_POINTS,33,LARGEST_ERROR,1,SUPPORTED,TRUE,EXCEPTION_MSG,NONE,Time,0
Case_952
Case_953,PASS,FAILING_POINTS,0,LARGEST_ERROR,4.99502e-009,SUPPORTED,TRUE,EXCEPTION_MSG,NONE,Time,3
Case_954,PASS,FAILING_POINTS,0,LARGEST_ERROR,4.76828e-010,SUPPORTED,TRUE,EXCEPTION_MSG,NONE,Time,0
Case_955,FAIL,FAILING_POINTS,1,LARGEST_ERROR,1,SUPPORTED,TRUE,EXCEPTION_MSG,NONE,Time,0
Case_956,PASS,FAILING_POINTS,0,LARGEST_ERROR,4.76828e-010,SUPPORTED,TRUE,EXCEPTION_MSG,NONE,Time,0
Case_957,FAIL,FAILING_POINTS,143,LARGEST_ERROR,1.#INF,SUPPORTED,TRUE,EXCEPTION_MSG,NONE,Time,0
Case_958,FAIL,FAILING_POINTS,220,LARGEST_ERROR,1.#INF,SUPPORTED,TRUE,EXCEPTION_MSG,NONE,Time,0
Case_959,FAIL,FAILING_POINTS,169,LARGEST_ERROR,1000,SUPPORTED,TRUE,EXCEPTION_MSG,NONE,Time,0
Case_960,PASS,FAILING_POINTS,0,LARGEST_ERROR,5.99654e+006,SUPPORTED,TRUE,EXCEPTION_MSG,NONE,Time,0
Case_961,FAIL,FAILING_POINTS,33,LARGEST_ERROR,6.02214e+023,SUPPORTED,TRUE,EXCEPTION_MSG,NONE,Time,0
Case_962
Case_963,PASS,FAILING_POINTS,0,LARGEST_ERROR,4.99501e-010,SUPPORTED,TRUE,EXCEPTION_MSG,NONE,Time,0
Case_964,PASS,FAILING_POINTS,0,LARGEST_ERROR,4.99502e-009,SUPPORTED,TRUE,EXCEPTION_MSG,NONE,Time,5
Case_965
Case_966
Case_967,PASS,FAILING_POINTS,0,LARGEST_ERROR,0.01,SUPPORTED,TRUE,EXCEPTION_MSG,NONE,Time,0
Case_968,PASS,FAILING_POINTS,0,LARGEST_ERROR,2.84217e-014,SUPPORTED,TRUE,EXCEPTION_MSG,NONE,Time,0
Case_969,PASS,FAILING_POINTS,0,LARGEST_ERROR,2.84217e-014,SUPPORTED,TRUE,EXCEPTION_MSG,NONE,Time,0
Case_970,PASS,FAILING_POINTS,0,LARGEST_ERROR,2.84217e-014,SUPPORTED,TRUE,EXCEPTION_MSG,NONE,Time,0
Case_971,PASS,FAILING_POINTS,0,LARGEST_ERROR,2.84217e-014,SUPPORTED,TRUE,EXCEPTION_MSG,NONE,Time,0
Case_972,PASS,FAILING_POINTS,0,LARGEST_ERROR,7.10543e-015,SUPPORTED,TRUE,EXCEPTION_MSG,NONE,Time,0
Case_973,PASS,FAILING_POINTS,0,LARGEST_ERROR,5.63478e-011,SUPPORTED,TRUE,EXCEPTION_MSG,NONE,Time,0
Case_974,PASS,FAILING_POINTS,0,LARGEST_ERROR,5.32907e-015,SUPPORTED,TRUE,EXCEPTION_MSG,NONE,Time,0
Case_975,PASS,FAILING_POINTS,0,LARGEST_ERROR,4.95888e-010,SUPPORTED,TRUE,EXCEPTION_MSG,NONE,Time,0
Case_976,PASS,FAILING_POINTS,0,LARGEST_ERROR,4.99664e-010,SUPPORTED,TRUE,EXCEPTION_MSG,NONE,Time,0
Case_977,PASS,FAILING_POINTS,0,LARGEST_ERROR,5.01074e-010,SUPPORTED,TRUE,EXCEPTION_MSG,NONE,Time,0
Case_978,FAIL,FAILING_POINTS,0,LARGEST_ERROR,1,SUPPORTED,FALSE,EXCEPTION_MSG,NOT_SUPPORTED,Time,0
Case_979,PASS,FAILING_POINTS,0,LARGEST_ERROR,2.22045e-016,SUPPORTED,TRUE,EXCEPTION_MSG,NONE,Time,0
Case_980,PASS,FAILING_POINTS,0,LARGEST_ERROR,2.22045e-016,SUPPORTED,TRUE,EXCEPTION_MSG,NONE,Time,0
